PL,Player Name,Team Position,Data 1,Data 2,Data 3,Data 4,Data 5,Data 6,Data 7,Data 8,Data 9,Data 10,Data 11,Data 12
1,"Landin Jacobsen, Niklas","THW, GK",0,0%,1,20%,8,61.54%,1,100%,1,12.5%,0,0%
2,"Ruminsky, Mario","HBW, GK",0,0%,4,25%,4,50%,1,50%,1,20%,0,0%
3,"Quenstedt, Dario","THW, GK",0,-,0,-,0,-,1,50%,0,0%,0,-
4,"Sejr Jensen, Simon","HBW, GK",0,0%,0,0%,0,0%,0,0%,0,-,0,0%
5,"Johannesson, Peter","TBV, GK",1,33.33%,3,30%,6,50%,2,40%,2,28.57%,2,50%
6,"Heinevetter, Silvio","MTM, GK",0,0%,0,0%,3,60%,2,33.33%,0,-,0,0%
7,"Simic, Nebojsa","MTM, GK",1,50%,0,0%,1,50%,0,0%,0,0%,0,0%
8,"Zecher, Finn","TBV, GK",0,-,0,-,0,-,0,-,0,-,0,-
9,"Birlehm, Joel","LEI, GK",0,0%,0,0%,10,76.92%,0,0%,2,33.33%,0,0%
10,"Ferlin, Klemen","HCE, GK",2,66.67%,0,0%,5,62.5%,2,33.33%,1,25%,0,0%
11,"Ziemer, Martin","HCE, GK",0,-,0,-,0,-,0,-,0,-,0,-
12,"Saeveraas, Kristian Skinstad","LEI, GK",0,-,0,-,0,-,0,-,0,-,0,-
13,"Møller, Kevin","SGF, GK",0,0%,5,41.67%,6,85.71%,3,42.86%,0,0%,1,50%
14,"Semisch, Malte","GWD, GK",0,0%,2,33.33%,0,0%,2,40%,0,0%,0,-
15,"Lichtlein, Carsten","GWD, GK",1,50%,0,0%,0,0%,1,25%,0,0%,0,0%
16,"Buric, Benjamin","SGF, GK",0,-,0,-,0,-,0,-,0,-,0,-
17,"Rebmann, Daniel","FAG, GK",0,0%,0,0%,4,66.67%,5,83.33%,1,33.33%,0,-
18,"Bitter, Johannes","HSV, GK",1,25%,2,28.57%,2,50%,3,25%,0,0%,0,0%
19,"Kastelic, Urh","FAG, GK",0,0%,1,20%,2,50%,1,25%,1,33.33%,1,50%
20,"Vortmann, Jens","HSV, GK",0,0%,0,-,0,-,0,-,0,-,0,-
21,"Green Krejberg, Jannick","SCM, GK",1,33.33%,1,33.33%,2,40%,2,50%,0,0%,1,25%
22,"Jensen, Mike","SCM, GK",0,0%,1,33.33%,5,50%,0,0%,0,0%,0,-
23,"Thulin, Tobias","TVB, GK",0,0%,1,11.11%,1,50%,1,16.67%,1,20%,0,0%
24,"Prost, Primoz","TVB, GK",1,50%,0,0%,2,50%,0,0%,0,0%,0,-
25,"Palicka, Andreas","RNL, GK",0,-,1,11.11%,1,33.33%,4,66.67%,2,33.33%,2,50%
26,"Ebner, Domenico","HAN, GK",0,-,2,40%,4,66.67%,1,25%,0,0%,0,0%
27,"Lesjak, Urban","HAN, GK",0,-,0,0%,0,0%,1,33.33%,1,50%,0,-
28,"Spath, David","RNL, GK",0,-,0,-,1,50%,0,-,0,0%,0,-
29,"Milosavljev, Dejan","BER, GK",0,0%,3,37.5%,7,50%,2,25%,2,66.67%,0,0%
30,"Klimpke, Till","WET, GK",0,0%,3,42.86%,4,36.36%,1,11.11%,1,50%,1,20%
31,"Genz, Fredrik","BER, GK",0,-,0,-,0,-,0,-,0,-,0,-
32,"Suljakovic, Anadin","WET, GK",0,0%,0,-,0,-,0,-,0,-,0,-
33,"Rudeck, Christopher","BHC, GK",0,-,2,40%,8,66.67%,1,20%,2,22.22%,0,0%
34,"Rezar, Aljosa","NLB, GK",1,100%,0,0%,6,35.29%,0,0%,0,0%,0,0%
35,"Asheim, Havard","NLB, GK",0,-,0,0%,3,60%,0,-,0,0%,0,0%
36,"Mrkva, Tomas","BHC, GK",0,-,0,-,0,-,0,-,0,-,0,-
37,"Møller, Kevin","SGF, GK",0,0%,4,36.36%,4,36.36%,1,33.33%,2,33.33%,0,0%
38,"Ferlin, Klemen","HCE, GK",0,0%,2,28.57%,4,33.33%,1,20%,1,33.33%,1,50%
39,"Ziemer, Martin","HCE, GK",0,0%,0,-,0,0%,1,100%,0,-,0,-
40,"Buric, Benjamin","SGF, GK",0,-,0,-,0,-,0,-,0,-,0,-
41,"Ruminsky, Mario","HBW, GK",2,100%,4,28.57%,6,50%,0,0%,2,40%,2,66.67%
42,"Semisch, Malte","GWD, GK",1,33.33%,2,33.33%,5,35.71%,1,16.67%,1,20%,1,25%
43,"Lichtlein, Carsten","GWD, GK",0,-,0,-,0,-,0,-,0,-,0,-
44,"Sejr Jensen, Simon","HBW, GK",0,-,0,-,0,-,0,-,0,-,0,-
45,"Landin Jacobsen, Niklas","THW, GK",1,50%,4,30.77%,7,70%,3,30%,0,0%,0,0%
46,"Simic, Nebojsa","MTM, GK",0,0%,5,33.33%,4,30.77%,2,25%,2,50%,0,0%
47,"Heinevetter, Silvio","MTM, GK",0,-,0,-,0,-,0,-,0,-,0,-
48,"Quenstedt, Dario","THW, GK",0,-,0,-,0,-,0,-,0,-,0,-
49,"Palicka, Andreas","RNL, GK",1,50%,3,27.27%,1,25%,2,28.57%,1,25%,0,0%
50,"Green Krejberg, Jannick","SCM, GK",0,0%,1,14.29%,3,50%,0,0%,3,50%,0,0%
51,"Jensen, Mike","SCM, GK",1,25%,0,-,1,100%,2,66.67%,0,0%,0,-
52,"Spath, David","RNL, GK",0,-,0,-,0,-,0,-,0,-,0,-
53,"Milosavljev, Dejan","BER, GK",1,33.33%,2,33.33%,3,50%,0,0%,0,0%,1,20%
54,"Birlehm, Joel","LEI, GK",0,0%,3,33.33%,1,20%,0,0%,1,20%,1,14.29%
55,"Genz, Fredrik","BER, GK",1,33.33%,0,-,0,0%,0,-,0,0%,0,0%
56,"Saeveraas, Kristian Skinstad","LEI, GK",0,0%,0,0%,0,-,0,0%,0,-,0,-
57,"Klimpke, Till","WET, GK",0,0%,6,42.86%,9,60%,4,57.14%,1,33.33%,1,20%
58,"Johannesson, Peter","TBV, GK",0,0%,2,33.33%,2,40%,1,25%,0,0%,0,0%
59,"Zecher, Finn","TBV, GK",0,-,1,25%,1,20%,0,0%,0,0%,0,0%
60,"Suljakovic, Anadin","WET, GK",0,-,0,-,0,-,0,-,0,-,0,-
61,"Rezar, Aljosa","NLB, GK",2,50%,3,50%,0,-,1,100%,1,100%,0,-
62,"Kastelic, Urh","FAG, GK",0,-,2,18.18%,2,66.67%,0,-,1,33.33%,0,0%
63,"Asheim, Havard","NLB, GK",0,0%,2,25%,0,0%,0,0%,2,40%,1,20%
64,"Rebmann, Daniel","FAG, GK",0,0%,0,0%,1,50%,3,75%,0,0%,0,0%
65,"Bitter, Johannes","HSV, GK",0,-,4,36.36%,1,20%,2,33.33%,1,20%,0,0%
66,"Rudeck, Christopher","BHC, GK",1,25%,1,25%,2,40%,1,20%,3,37.5%,0,-
67,"Mrkva, Tomas","BHC, GK",0,0%,0,0%,1,20%,0,-,1,100%,0,0%
68,"Vortmann, Jens","HSV, GK",0,-,0,0%,1,25%,0,0%,0,0%,0,-
69,"Ebner, Domenico","HAN, GK",0,0%,0,0%,7,63.64%,2,66.67%,0,-,0,0%
70,"Thulin, Tobias","TVB, GK",1,100%,0,0%,5,50%,2,50%,0,0%,0,0%
71,"Lesjak, Urban","HAN, GK",0,-,0,0%,1,33.33%,1,33.33%,0,0%,0,-
72,"Pesic, Ivan","TVB, GK",0,0%,2,25%,0,0%,0,0%,0,0%,0,-
73,"Suljakovic, Anadin","WET, GK",0,0%,3,30%,2,66.67%,3,60%,0,-,0,0%
74,"Green Krejberg, Jannick","SCM, GK",0,0%,3,33.33%,1,50%,1,20%,0,0%,0,0%
75,"Klimpke, Till","WET, GK",1,50%,2,33.33%,0,0%,0,0%,0,0%,0,0%
76,"Jensen, Mike","SCM, GK",2,50%,0,0%,0,-,0,0%,0,0%,0,-
77,"Milosavljev, Dejan","BER, GK",0,0%,2,20%,6,75%,3,50%,2,33.33%,0,0%
78,"Heinevetter, Silvio","MTM, GK",1,50%,0,0%,1,33.33%,0,0%,0,0%,1,25%
79,"Simic, Nebojsa","MTM, GK",0,-,0,0%,2,40%,0,0%,0,0%,1,20%
80,"Genz, Fredrik","BER, GK",0,0%,0,-,0,0%,0,-,0,-,0,0%
81,"Johannesson, Peter","TBV, GK",0,0%,5,45.45%,2,25%,2,66.67%,1,16.67%,1,20%
82,"Birlehm, Joel","LEI, GK",1,50%,1,25%,1,33.33%,0,0%,1,25%,0,0%
83,"Saeveraas, Kristian Skinstad","LEI, GK",0,-,0,0%,2,33.33%,0,0%,0,0%,1,100%
84,"Zecher, Finn","TBV, GK",0,0%,0,-,0,-,0,-,0,-,0,-
85,"Rebmann, Daniel","FAG, GK",1,100%,1,12.5%,4,44.44%,4,57.14%,1,20%,2,66.67%
86,"Prost, Primoz","TVB, GK",0,0%,0,0%,3,37.5%,4,57.14%,1,33.33%,0,0%
87,"Kastelic, Urh","FAG, GK",0,-,1,50%,2,33.33%,1,100%,0,0%,1,50%
88,"Thulin, Tobias","TVB, GK",0,-,0,-,0,0%,1,100%,0,0%,0,0%
89,"Ferlin, Klemen","HCE, GK",0,0%,5,45.45%,6,42.86%,0,0%,3,75%,0,0%
90,"Lichtlein, Carsten","GWD, GK",0,0%,2,50%,5,45.45%,1,25%,1,20%,0,0%
91,"Semisch, Malte","GWD, GK",0,0%,0,-,1,25%,0,-,0,-,0,0%
92,"Ziemer, Martin","HCE, GK",0,0%,0,-,0,-,0,-,0,-,0,-
93,"Møller, Kevin","SGF, GK",0,-,4,40%,5,41.67%,1,33.33%,1,33.33%,1,14.29%
94,"Landin Jacobsen, Niklas","THW, GK",0,0%,2,20%,6,50%,1,50%,1,25%,1,50%
95,"Buric, Benjamin","SGF, GK",0,0%,0,0%,0,0%,1,50%,0,-,0,-
96,"Quenstedt, Dario","THW, GK",0,-,0,-,0,-,0,-,0,-,0,-
97,"Rudeck, Christopher","BHC, GK",2,66.67%,9,47.37%,1,16.67%,0,0%,0,0%,1,20%
98,"Ebner, Domenico","HAN, GK",1,50%,6,46.15%,2,25%,2,50%,1,20%,1,100%
99,"Mrkva, Tomas","BHC, GK",0,-,0,-,0,-,0,-,0,-,0,-
100,"Lesjak, Urban","HAN, GK",0,-,0,-,0,-,0,-,0,-,0,-
101,"Rezar, Aljosa","NLB, GK",2,40%,1,33.33%,6,40%,3,33.33%,0,0%,0,0%
102,"Sejr Jensen, Simon","HBW, GK",0,0%,1,25%,4,44.44%,1,50%,0,0%,0,0%
103,"Ruminsky, Mario","HBW, GK",1,33.33%,0,0%,2,33.33%,0,0%,0,0%,0,-
104,"Asheim, Havard","NLB, GK",0,0%,0,-,0,-,0,-,0,-,0,-
105,"Bitter, Johannes","HSV, GK",2,40%,3,21.43%,7,70%,3,60%,2,33.33%,0,0%
106,"Palicka, Andreas","RNL, GK",0,-,3,33.33%,3,37.5%,1,50%,0,0%,0,0%
107,"Spath, David","RNL, GK",0,0%,2,40%,1,20%,2,33.33%,0,0%,0,-
108,"Vortmann, Jens","HSV, GK",0,-,0,-,0,-,0,-,0,-,0,-
109,"Bitter, Johannes","HSV, GK",0,0%,3,42.86%,3,33.33%,0,0%,0,0%,1,33.33%
110,"Birlehm, Joel","LEI, GK",1,100%,4,50%,1,33.33%,0,0%,0,0%,0,0%
111,"Saeveraas, Kristian Skinstad","LEI, GK",1,33.33%,0,0%,0,0%,0,-,1,50%,0,0%
112,"Vortmann, Jens","HSV, GK",0,0%,0,0%,0,0%,1,100%,0,0%,0,0%
113,"Mrkva, Tomas","BHC, GK",0,0%,2,28.57%,1,100%,0,0%,1,50%,1,50%
114,"Prost, Primoz","TVB, GK",1,50%,1,14.29%,3,42.86%,0,-,0,0%,0,-
115,"Rudeck, Christopher","BHC, GK",1,50%,1,20%,1,16.67%,0,-,0,0%,0,0%
116,"Thulin, Tobias","TVB, GK",0,0%,0,0%,1,33.33%,1,25%,1,100%,0,0%
117,"Milosavljev, Dejan","BER, GK",3,75%,3,23.08%,5,45.45%,0,0%,0,0%,0,0%
118,"Lichtlein, Carsten","GWD, GK",0,0%,2,20%,1,20%,3,37.5%,0,0%,1,25%
119,"Genz, Fredrik","BER, GK",0,-,0,-,0,-,0,-,0,-,0,-
120,"Jensen, Mike","SCM, GK",0,0%,0,0%,3,50%,3,50%,3,60%,0,0%
121,"Ruminsky, Mario","HBW, GK",0,0%,1,33.33%,0,0%,3,50%,0,0%,0,0%
122,"Sejr Jensen, Simon","HBW, GK",0,0%,0,0%,2,50%,0,0%,0,0%,0,-
123,"Green Krejberg, Jannick","SCM, GK",0,-,1,100%,0,-,0,0%,0,-,0,-
124,"Landin Jacobsen, Niklas","THW, GK",1,33.33%,1,25%,6,42.86%,1,50%,1,25%,1,25%
125,"Ferlin, Klemen","HCE, GK",1,50%,0,0%,3,37.5%,0,0%,1,20%,0,0%
126,"Ziemer, Martin","HCE, GK",0,0%,0,0%,1,50%,0,0%,1,50%,0,0%
127,"Quenstedt, Dario","THW, GK",0,-,0,-,0,-,0,-,0,-,0,-
128,"Rebmann, Daniel","FAG, GK",0,0%,6,35.29%,0,-,0,0%,2,33.33%,0,0%
129,"Palicka, Andreas","RNL, GK",0,0%,2,18.18%,2,40%,0,0%,2,40%,0,0%
130,"Kastelic, Urh","FAG, GK",0,0%,0,0%,0,0%,0,-,0,0%,1,50%
131,"Spath, David","RNL, GK",0,0%,0,0%,0,-,0,0%,0,0%,0,-
132,"Rezar, Aljosa","NLB, GK",0,0%,3,33.33%,5,50%,2,25%,1,33.33%,0,0%
133,"Heinevetter, Silvio","MTM, GK",1,50%,1,100%,3,25%,1,100%,1,33.33%,0,0%
134,"Simic, Nebojsa","MTM, GK",0,0%,0,0%,3,60%,1,50%,0,-,0,0%
135,"Asheim, Havard","NLB, GK",0,0%,0,-,0,-,0,-,0,-,0,-
136,"Klimpke, Till","WET, GK",3,100%,4,30.77%,4,80%,4,80%,0,0%,0,0%
137,"Lesjak, Urban","HAN, GK",0,0%,1,20%,1,20%,0,0%,1,16.67%,0,0%
138,"Ebner, Domenico","HAN, GK",0,0%,1,16.67%,0,0%,0,-,0,0%,0,0%
139,"Suljakovic, Anadin","WET, GK",0,-,0,-,0,-,0,-,0,-,0,-
140,"Saeveraas, Kristian Skinstad","LEI, GK",0,0%,5,31.25%,3,100%,0,-,0,0%,0,0%
141,"Green Krejberg, Jannick","SCM, GK",0,0%,2,22.22%,2,50%,2,33.33%,0,0%,0,0%
142,"Birlehm, Joel","LEI, GK",4,66.67%,0,0%,0,0%,0,0%,0,0%,0,-
143,"Jensen, Mike","SCM, GK",0,0%,0,0%,1,50%,1,50%,0,-,0,0%
144,"Johannesson, Peter","TBV, GK",0,0%,4,30.77%,7,70%,1,25%,0,0%,0,0%
145,"Sejr Jensen, Simon","HBW, GK",2,66.67%,1,11.11%,1,33.33%,1,50%,0,0%,0,0%
146,"Ruminsky, Mario","HBW, GK",0,0%,0,0%,1,20%,0,0%,1,20%,0,0%
147,"Zecher, Finn","TBV, GK",0,0%,0,0%,0,-,0,-,0,0%,0,0%
148,"Rebmann, Daniel","FAG, GK",0,0%,7,53.85%,11,64.71%,1,25%,0,0%,1,33.33%
149,"Mrkva, Tomas","BHC, GK",1,50%,2,28.57%,1,16.67%,2,50%,1,16.67%,0,0%
150,"Kastelic, Urh","FAG, GK",1,33.33%,0,-,0,-,0,-,0,-,0,-
151,"Rudeck, Christopher","BHC, GK",0,-,0,0%,0,0%,0,0%,0,0%,0,-
152,"Bitter, Johannes","HSV, GK",0,0%,6,37.5%,3,42.86%,3,42.86%,2,50%,0,0%
153,"Klimpke, Till","WET, GK",0,0%,0,0%,3,50%,1,50%,0,0%,0,0%
154,"Suljakovic, Anadin","WET, GK",0,0%,1,33.33%,2,33.33%,0,0%,1,33.33%,0,0%
155,"Vortmann, Jens","HSV, GK",0,-,0,-,0,-,0,-,0,-,0,-
156,"Buric, Benjamin","SGF, GK",0,0%,1,33.33%,8,61.54%,1,20%,2,100%,0,0%
157,"Asheim, Havard","NLB, GK",0,0%,1,50%,2,20%,3,30%,0,0%,1,33.33%
158,"Rezar, Aljosa","NLB, GK",0,0%,0,-,1,33.33%,0,0%,1,50%,0,-
159,"Backhaus, Theodor Felix","SGF, GK",0,-,0,0%,1,50%,0,0%,1,100%,0,-
160,"Simic, Nebojsa","MTM, GK",1,20%,4,30.77%,2,66.67%,3,50%,1,25%,0,0%
161,"Ebner, Domenico","HAN, GK",0,0%,2,25%,2,50%,3,75%,0,0%,0,-
162,"Heinevetter, Silvio","MTM, GK",1,50%,0,-,0,-,2,66.67%,0,-,1,100%
163,"Lesjak, Urban","HAN, GK",1,50%,2,20%,0,0%,0,0%,0,-,0,-
164,"Landin Jacobsen, Niklas","THW, GK",2,66.67%,2,15.38%,7,58.33%,3,33.33%,0,-,1,50%
165,"Lichtlein, Carsten","GWD, GK",0,0%,1,8.33%,4,44.44%,1,20%,0,-,0,0%
166,"Grabitz, Lucas","GWD, GK",0,0%,0,0%,1,50%,0,-,0,-,0,-
167,"Quenstedt, Dario","THW, GK",0,-,0,-,0,-,0,-,0,-,0,-
168,"Ziemer, Martin","HCE, GK",1,33.33%,1,20%,1,25%,0,0%,1,33.33%,0,0%
169,"Genz, Fredrik","BER, GK",0,0%,0,0%,2,25%,0,0%,1,50%,0,0%
170,"Ferlin, Klemen","HCE, GK",0,0%,1,16.67%,2,40%,0,0%,0,0%,0,0%
171,"Milosavljev, Dejan","BER, GK",0,0%,0,0%,1,11.11%,0,0%,0,0%,0,-
172,"Palicka, Andreas","RNL, GK",1,25%,1,9.09%,8,47.06%,0,0%,1,12.5%,1,100%
173,"Thulin, Tobias","TVB, GK",0,0%,4,44.44%,4,44.44%,2,40%,0,0%,1,20%
174,"Prost, Primoz","TVB, GK",1,33.33%,0,-,0,-,0,-,0,-,0,-
175,"Spath, David","RNL, GK",0,0%,0,-,0,-,0,-,0,-,0,-
176,"Jensen, Mike","SCM, GK",1,50%,1,12.5%,4,44.44%,1,50%,2,50%,1,50%
177,"Heinevetter, Silvio","MTM, GK",3,42.86%,1,20%,1,25%,1,16.67%,1,33.33%,1,20%
178,"Simic, Nebojsa","MTM, GK",2,66.67%,0,0%,0,-,0,0%,0,0%,0,-
179,"Green Krejberg, Jannick","SCM, GK",0,0%,0,-,0,0%,0,0%,0,-,0,0%
180,"Rebmann, Daniel","FAG, GK",2,40%,3,25%,5,83.33%,3,50%,0,0%,0,0%
181,"Klimpke, Till","WET, GK",0,0%,0,0%,2,50%,2,25%,1,50%,0,0%
182,"Suljakovic, Anadin","WET, GK",1,33.33%,2,40%,1,33.33%,1,100%,0,-,0,-
183,"Kastelic, Urh","FAG, GK",0,-,0,-,0,-,0,-,0,-,0,-
184,"Buchele, Julian","FAG, GK",0,-,0,-,0,-,0,-,0,-,0,-
185,"Sejr Jensen, Simon","HBW, GK",1,50%,6,66.67%,2,28.57%,2,33.33%,0,0%,1,20%
186,"Lesjak, Urban","HAN, GK",2,50%,1,14.29%,2,20%,0,0%,1,25%,0,0%
187,"Ruminsky, Mario","HBW, GK",0,-,0,0%,0,0%,1,100%,0,0%,0,0%
188,"Ritschel, Matthias","HAN, GK",0,-,0,-,0,-,0,-,0,-,0,-
189,"Johannesson, Peter","TBV, GK",0,0%,1,33.33%,7,50%,1,33.33%,1,33.33%,1,25%
190,"Ziemer, Martin","HCE, GK",0,0%,3,37.5%,1,20%,0,0%,0,0%,0,0%
191,"Zecher, Finn","TBV, GK",1,25%,0,-,1,50%,0,0%,0,-,0,-
192,"Ferlin, Klemen","HCE, GK",0,0%,0,0%,0,0%,0,-,0,0%,0,0%
193,"Rezar, Aljosa","NLB, GK",1,25%,0,0%,6,50%,2,28.57%,0,0%,1,100%
194,"Semisch, Malte","GWD, GK",0,0%,3,60%,3,100%,1,25%,1,100%,0,0%
195,"Lichtlein, Carsten","GWD, GK",0,0%,2,50%,2,100%,0,0%,1,25%,0,0%
196,"Asheim, Havard","NLB, GK",0,0%,0,-,0,-,0,-,0,-,0,-
197,"Milosavljev, Dejan","BER, GK",0,0%,1,20%,7,43.75%,5,55.56%,3,42.86%,1,20%
198,"Landin Jacobsen, Niklas","THW, GK",0,0%,1,10%,6,54.55%,0,0%,1,20%,0,0%
199,"Quenstedt, Dario","THW, GK",0,-,0,-,0,-,0,-,0,-,0,-
200,"Genz, Fredrik","BER, GK",0,-,0,-,0,-,0,-,0,-,0,-
201,"Møller, Kevin","SGF, GK",0,0%,3,33.33%,3,50%,1,20%,1,20%,0,0%
202,"Vortmann, Jens","HSV, GK",0,0%,5,55.56%,0,0%,1,16.67%,0,0%,0,0%
203,"Buric, Benjamin","SGF, GK",0,0%,3,60%,2,100%,1,50%,0,0%,0,0%
204,"Bitter, Johannes","HSV, GK",0,-,0,0%,2,100%,1,25%,0,-,0,0%
205,"Thulin, Tobias","TVB, GK",1,100%,2,28.57%,1,14.29%,1,12.5%,2,28.57%,2,20%
206,"Saeveraas, Kristian Skinstad","LEI, GK",0,0%,1,25%,3,42.86%,0,-,1,100%,0,0%
207,"Birlehm, Joel","LEI, GK",1,50%,0,0%,1,33.33%,1,50%,0,0%,0,0%
208,"Prost, Primoz","TVB, GK",0,0%,0,-,0,0%,0,-,0,-,0,-
209,"Mrkva, Tomas","BHC, GK",1,50%,11,61.11%,2,22.22%,3,42.86%,0,0%,0,0%
210,"Katsigiannis, Nikolas","RNL, GK",0,0%,4,33.33%,4,36.36%,2,50%,0,0%,0,0%
211,"Rudeck, Christopher","BHC, GK",0,-,0,-,0,-,0,-,0,-,0,-
212,"Spath, David","RNL, GK",0,-,0,-,0,-,0,-,0,-,0,-
213,"Lesjak, Urban","HAN, GK",1,20%,6,35.29%,1,33.33%,1,33.33%,0,0%,2,66.67%
214,"Milosavljev, Dejan","BER, GK",0,0%,3,25%,4,66.67%,2,25%,1,33.33%,0,0%
215,"Ritschel, Matthias","HAN, GK",0,0%,0,-,0,-,0,-,0,-,0,-
216,"Genz, Fredrik","BER, GK",0,-,0,-,0,-,0,-,0,-,0,-
217,"Simic, Nebojsa","MTM, GK",1,20%,5,35.71%,5,62.5%,1,25%,0,0%,3,42.86%
218,"Rebmann, Daniel","FAG, GK",0,0%,2,14.29%,8,72.73%,2,25%,1,33.33%,0,0%
219,"Heinevetter, Silvio","MTM, GK",0,-,0,-,0,-,0,-,0,-,0,-
220,"Klein, Sebastian","FAG, GK",0,-,0,-,0,-,0,-,0,-,0,-
221,"Ferlin, Klemen","HCE, GK",1,25%,1,20%,9,75%,3,42.86%,0,0%,0,-
222,"Rezar, Aljosa","NLB, GK",2,66.67%,0,0%,4,30.77%,1,25%,0,0%,1,25%
223,"Asheim, Havard","NLB, GK",0,-,0,-,3,100%,0,-,0,-,0,-
224,"Ziemer, Martin","HCE, GK",0,0%,0,-,0,-,0,-,0,-,0,-
225,"Møller, Kevin","SGF, GK",1,25%,1,11.11%,1,11.11%,3,75%,1,100%,0,0%
226,"Buric, Benjamin","SGF, GK",0,0%,0,0%,5,50%,0,-,0,0%,0,-
227,"Green Krejberg, Jannick","SCM, GK",0,0%,0,0%,2,50%,0,0%,2,50%,0,0%
228,"Jensen, Mike","SCM, GK",0,-,0,0%,1,14.29%,3,50%,0,0%,0,0%
229,"Zecher, Finn","TBV, GK",0,0%,3,27.27%,7,63.64%,4,66.67%,2,66.67%,0,0%
230,"Landin Jacobsen, Niklas","THW, GK",2,50%,5,38.46%,2,100%,3,37.5%,0,0%,1,25%
231,"Quenstedt, Dario","THW, GK",0,-,0,-,0,-,0,-,0,-,0,-
232,"Muhlenstadt, Timon","TBV, GK",0,-,0,-,0,-,0,-,0,-,0,-
233,"Thulin, Tobias","TVB, GK",0,0%,1,8.33%,8,72.73%,2,40%,1,20%,4,50%
234,"Ruminsky, Mario","HBW, GK",1,33.33%,5,50%,3,60%,1,33.33%,0,0%,0,0%
235,"Sejr Jensen, Simon","HBW, GK",0,-,0,0%,1,25%,0,0%,0,0%,0,0%
236,"Prost, Primoz","TVB, GK",0,-,0,-,0,-,0,-,0,-,0,-
237,"Bitter, Johannes","HSV, GK",0,-,5,35.71%,2,25%,4,66.67%,3,27.27%,1,50%
238,"Semisch, Malte","GWD, GK",1,33.33%,4,28.57%,0,0%,3,37.5%,0,0%,0,0%
239,"Lichtlein, Carsten","GWD, GK",1,100%,0,0%,0,-,0,-,0,-,1,50%
240,"Grundel, Finn Luca","HSV, GK",0,-,0,-,0,-,0,-,0,-,0,-
241,"Heinevetter, Silvio","MTM, GK",0,0%,5,62.5%,6,50%,0,0%,1,20%,0,0%
242,"Mrkva, Tomas","BHC, GK",1,100%,1,16.67%,4,57.14%,0,-,1,50%,0,-
243,"Rudeck, Christopher","BHC, GK",0,0%,3,25%,0,0%,0,-,0,0%,0,0%
244,"Simic, Nebojsa","MTM, GK",0,0%,0,-,0,-,0,-,0,-,0,-
245,"Saeveraas, Kristian Skinstad","LEI, GK",0,0%,4,44.44%,3,42.86%,3,100%,3,33.33%,1,33.33%
246,"Rebmann, Daniel","FAG, GK",2,66.67%,0,0%,2,20%,1,100%,1,20%,0,0%
247,"Kastelic, Urh","FAG, GK",0,-,1,33.33%,0,0%,0,0%,0,0%,1,50%
248,"Klein, Sebastian","FAG, GK",1,50%,1,100%,0,0%,0,0%,0,-,0,-
249,"Birlehm, Joel","LEI, GK",0,0%,0,-,0,-,0,-,0,-,0,-
250,"Ferlin, Klemen","HCE, GK",1,33.33%,5,25%,3,30%,3,42.86%,1,25%,0,0%
251,"Lesjak, Urban","HAN, GK",0,-,0,0%,6,33.33%,2,40%,0,0%,0,0%
252,"Ziemer, Martin","HCE, GK",0,-,0,-,0,-,0,-,0,-,0,-
253,"Ritschel, Matthias","HAN, GK",0,-,0,0%,0,0%,0,-,0,0%,0,-
254,"Bitter, Johannes","HSV, GK",1,33.33%,4,36.36%,5,41.67%,0,0%,3,100%,2,28.57%
255,"Ruminsky, Mario","HBW, GK",1,16.67%,2,40%,3,60%,1,16.67%,0,0%,0,0%
256,"Sejr Jensen, Simon","HBW, GK",0,0%,0,-,1,33.33%,0,-,0,0%,0,-
257,"Vortmann, Jens","HSV, GK",0,-,0,-,0,-,0,-,0,-,0,-
258,"Green Krejberg, Jannick","SCM, GK",0,0%,5,71.43%,5,35.71%,3,37.5%,1,14.29%,0,0%
259,"Landin Jacobsen, Niklas","THW, GK",1,25%,1,14.29%,5,62.5%,4,80%,2,18.18%,0,0%
260,"Quenstedt, Dario","THW, GK",0,-,0,-,0,-,0,-,0,-,0,-
261,"Jensen, Mike","SCM, GK",0,0%,0,-,0,-,0,-,0,-,0,-
262,"Buric, Benjamin","SGF, GK",0,0%,0,0%,5,41.67%,4,66.67%,0,0%,0,0%
263,"Thulin, Tobias","TVB, GK",1,33.33%,2,66.67%,1,14.29%,1,12.5%,0,0%,0,0%
264,"Prost, Primoz","TVB, GK",0,0%,0,0%,0,-,1,25%,0,-,0,0%
265,"Møller, Kevin","SGF, GK",0,0%,0,-,1,100%,0,-,0,0%,0,-
266,"Milosavljev, Dejan","BER, GK",0,0%,5,41.67%,3,60%,2,22.22%,0,0%,0,-
267,"Rezar, Aljosa","NLB, GK",0,0%,0,0%,2,66.67%,1,100%,0,0%,2,66.67%
268,"Asheim, Havard","NLB, GK",0,0%,2,25%,1,33.33%,2,25%,0,0%,0,0%
269,"Genz, Fredrik","BER, GK",0,-,0,-,0,-,0,-,0,-,0,-
270,"Suljakovic, Anadin","WET, GK",0,0%,3,30%,2,40%,4,57.14%,0,0%,4,57.14%
271,"Palicka, Andreas","RNL, GK",0,0%,5,27.78%,2,40%,3,42.86%,0,0%,0,0%
272,"Klimpke, Till","WET, GK",0,0%,0,0%,0,0%,0,0%,1,100%,0,0%
273,"Katsigiannis, Nikolas","RNL, GK",0,-,0,-,0,-,0,-,0,-,0,-
274,"Spath, David","RNL, GK",0,-,0,-,0,-,0,-,0,-,0,-
275,"Zecher, Finn","TBV, GK",0,0%,2,20%,3,60%,2,50%,1,25%,0,0%
276,"Semisch, Malte","GWD, GK",1,50%,2,16.67%,2,100%,2,22.22%,0,0%,0,0%
277,"Johannesson, Peter","TBV, GK",0,-,0,0%,2,50%,0,0%,0,-,0,0%
278,"Lichtlein, Carsten","GWD, GK",0,0%,0,0%,0,0%,0,0%,0,0%,0,0%
279,"Lesjak, Urban","HAN, GK",0,0%,3,17.65%,1,50%,1,33.33%,2,33.33%,0,0%
280,"Semisch, Malte","GWD, GK",0,0%,1,8.33%,2,50%,2,50%,1,33.33%,0,0%
281,"Lichtlein, Carsten","GWD, GK",0,0%,1,20%,1,33.33%,0,-,0,-,0,-
282,"Ritschel, Matthias","HAN, GK",0,0%,0,-,0,-,0,-,0,-,0,-
283,"Sejr Jensen, Simon","HBW, GK",0,0%,4,33.33%,3,75%,1,20%,1,20%,2,25%
284,"Palicka, Andreas","RNL, GK",0,0%,5,55.56%,2,50%,2,40%,0,0%,0,0%
285,"Spath, David","RNL, GK",1,100%,2,40%,1,50%,0,-,0,-,0,0%
286,"Ruminsky, Mario","HBW, GK",0,-,1,50%,0,0%,0,0%,0,0%,0,0%
287,"Rudeck, Christopher","BHC, GK",2,66.67%,0,0%,10,66.67%,4,100%,0,0%,0,0%
288,"Saeveraas, Kristian Skinstad","LEI, GK",0,0%,0,0%,3,33.33%,0,0%,1,25%,0,0%
289,"Birlehm, Joel","LEI, GK",0,0%,1,50%,2,40%,0,0%,0,0%,0,0%
290,"Mrkva, Tomas","BHC, GK",0,0%,0,-,0,-,0,-,0,-,0,-
291,"Rezar, Aljosa","NLB, GK",0,0%,2,50%,5,41.67%,1,14.29%,1,100%,0,0%
292,"Landin Jacobsen, Niklas","THW, GK",0,0%,1,20%,2,25%,2,40%,1,33.33%,0,0%
293,"Quenstedt, Dario","THW, GK",1,50%,2,66.67%,0,0%,0,0%,0,0%,0,0%
294,"Asheim, Havard","NLB, GK",1,25%,0,-,1,100%,0,-,1,100%,0,0%
295,"Kastelic, Urh","FAG, GK",0,0%,2,20%,5,83.33%,1,33.33%,0,0%,0,0%
296,"Buric, Benjamin","SGF, GK",0,0%,4,28.57%,1,100%,0,0%,0,0%,0,0%
297,"Møller, Kevin","SGF, GK",0,0%,2,25%,0,0%,0,0%,0,0%,0,0%
298,"Rebmann, Daniel","FAG, GK",1,33.33%,0,0%,0,-,0,0%,0,0%,0,-
299,"Green Krejberg, Jannick","SCM, GK",2,66.67%,0,0%,5,45.45%,1,20%,2,33.33%,0,0%
300,"Ziemer, Martin","HCE, GK",1,25%,0,0%,2,50%,3,50%,0,0%,0,0%
301,"Ferlin, Klemen","HCE, GK",0,0%,0,0%,4,44.44%,1,50%,0,0%,0,0%
302,"Jensen, Mike","SCM, GK",1,100%,0,0%,0,0%,0,0%,1,100%,0,-
303,"Milosavljev, Dejan","BER, GK",1,33.33%,2,16.67%,5,55.56%,2,28.57%,2,33.33%,0,0%
304,"Zecher, Finn","TBV, GK",0,-,2,40%,2,33.33%,2,100%,1,33.33%,0,0%
305,"Johannesson, Peter","TBV, GK",0,0%,4,26.67%,0,0%,0,0%,0,0%,0,0%
306,"Genz, Fredrik","BER, GK",0,-,0,-,0,-,0,-,0,-,0,-
307,"Suljakovic, Anadin","WET, GK",0,0%,0,0%,6,60%,1,20%,0,0%,0,0%
308,"Thulin, Tobias","TVB, GK",0,-,2,14.29%,3,27.27%,0,-,0,-,0,0%
309,"Prost, Primoz","TVB, GK",0,0%,1,100%,1,100%,0,0%,0,0%,0,0%
310,"Klimpke, Till","WET, GK",0,0%,0,-,2,50%,0,0%,0,0%,0,-
311,"Vortmann, Jens","HSV, GK",2,66.67%,6,50%,0,0%,2,33.33%,2,50%,1,50%
312,"Thulin, Tobias","TVB, GK",2,50%,0,0%,1,20%,0,0%,0,0%,0,0%
313,"Bitter, Johannes","HSV, GK",0,0%,0,0%,0,0%,1,33.33%,0,0%,0,-
314,"Prost, Primoz","TVB, GK",0,0%,1,16.67%,0,0%,0,0%,0,0%,0,0%
315,"Buric, Benjamin","SGF, GK",0,0%,3,37.5%,10,55.56%,1,25%,1,33.33%,0,0%
316,"Milosavljev, Dejan","BER, GK",0,-,2,40%,2,40%,0,0%,0,0%,0,0%
317,"Genz, Fredrik","BER, GK",0,-,1,33.33%,1,12.5%,0,0%,0,0%,0,0%
318,"Møller, Kevin","SGF, GK",0,0%,0,-,0,-,0,-,0,-,0,-
319,"Johannesson, Peter","TBV, GK",0,0%,7,46.67%,3,27.27%,1,25%,1,12.5%,0,0%
320,"Palicka, Andreas","RNL, GK",0,0%,2,20%,1,50%,0,0%,0,0%,1,11.11%
321,"Spath, David","RNL, GK",0,0%,0,0%,1,100%,1,50%,0,0%,0,0%
322,"Zecher, Finn","TBV, GK",0,-,0,-,0,-,0,-,0,-,0,-
323,"Semisch, Malte","GWD, GK",1,20%,4,36.36%,3,42.86%,2,25%,1,50%,0,0%
324,"Heinevetter, Silvio","MTM, GK",1,25%,0,0%,3,27.27%,2,50%,3,75%,0,0%
325,"Simic, Nebojsa","MTM, GK",0,0%,0,0%,2,33.33%,0,-,0,-,0,0%
326,"Lichtlein, Carsten","GWD, GK",0,0%,0,-,0,-,0,-,0,-,0,-
327,"Suljakovic, Anadin","WET, GK",0,0%,7,53.85%,3,75%,1,50%,0,0%,1,16.67%
328,"Rezar, Aljosa","NLB, GK",1,25%,1,20%,1,14.29%,2,50%,0,0%,0,0%
329,"Klimpke, Till","WET, GK",0,0%,0,0%,0,0%,1,33.33%,0,-,0,0%
330,"Asheim, Havard","NLB, GK",0,0%,0,0%,0,0%,0,0%,0,-,0,0%
331,"Rebmann, Daniel","FAG, GK",1,20%,5,45.45%,5,55.56%,3,60%,1,25%,0,0%
332,"Jensen, Mike","SCM, GK",4,57.14%,4,57.14%,1,50%,0,0%,1,50%,0,0%
333,"Green Krejberg, Jannick","SCM, GK",0,0%,0,0%,0,0%,1,25%,0,0%,0,0%
334,"Kastelic, Urh","FAG, GK",0,0%,0,-,0,-,0,-,0,-,0,-
335,"Birlehm, Joel","LEI, GK",1,33.33%,1,16.67%,3,33.33%,1,20%,1,14.29%,0,0%
336,"Lesjak, Urban","HAN, GK",0,0%,0,0%,2,40%,1,14.29%,1,20%,1,20%
337,"Ritschel, Matthias","HAN, GK",0,-,0,0%,0,-,0,0%,0,-,0,-
338,"Saeveraas, Kristian Skinstad","LEI, GK",0,-,0,-,0,-,0,-,0,-,0,-
339,"Landin Jacobsen, Niklas","THW, GK",0,0%,2,66.67%,8,40%,1,20%,2,66.67%,1,33.33%
340,"Mrkva, Tomas","BHC, GK",1,50%,3,37.5%,5,83.33%,0,0%,1,25%,2,50%
341,"Rudeck, Christopher","BHC, GK",0,-,1,33.33%,0,0%,0,0%,0,0%,0,-
342,"Quenstedt, Dario","THW, GK",0,-,0,-,0,0%,0,-,0,-,0,-
343,"Ferlin, Klemen","HCE, GK",1,50%,1,16.67%,5,55.56%,1,16.67%,1,25%,0,0%
344,"Ruminsky, Mario","HBW, GK",0,0%,1,33.33%,0,0%,1,33.33%,1,50%,0,-
345,"Sejr Jensen, Simon","HBW, GK",0,0%,0,0%,2,22.22%,0,0%,0,-,1,100%
346,"Ziemer, Martin","HCE, GK",0,-,0,-,0,0%,0,0%,0,-,0,-
347,"Heinevetter, Silvio","MTM, GK",1,33.33%,5,45.45%,6,46.15%,3,75%,3,42.86%,1,25%
348,"Thulin, Tobias","TVB, GK",0,0%,3,21.43%,2,33.33%,1,33.33%,0,0%,1,14.29%
349,"Simic, Nebojsa","MTM, GK",0,-,0,-,0,-,0,-,0,-,0,-
350,"Scheiner, Joshua","TVB, GK",0,0%,0,-,0,-,0,-,0,-,0,-
351,"Semisch, Malte","GWD, GK",1,50%,2,25%,7,77.78%,6,40%,0,0%,0,0%
352,"Kastelic, Urh","FAG, GK",1,33.33%,3,27.27%,0,0%,1,20%,2,100%,0,0%
353,"Rebmann, Daniel","FAG, GK",0,-,1,20%,1,33.33%,0,0%,0,-,0,0%
354,"Lichtlein, Carsten","GWD, GK",0,-,0,-,0,-,0,-,0,-,0,-
355,"Rezar, Aljosa","NLB, GK",3,50%,2,25%,1,16.67%,0,0%,0,0%,1,50%
356,"Johannesson, Peter","TBV, GK",0,0%,1,14.29%,2,28.57%,0,-,1,50%,0,-
357,"Zecher, Finn","TBV, GK",0,0%,0,0%,2,66.67%,0,0%,0,-,0,-
358,"Asheim, Havard","NLB, GK",1,33.33%,0,0%,0,0%,1,33.33%,0,-,0,-
359,"Møller, Kevin","SGF, GK",0,-,0,0%,5,50%,3,100%,1,100%,0,0%
360,"Buric, Benjamin","SGF, GK",0,0%,2,50%,3,27.27%,0,0%,1,25%,0,-
361,"Palicka, Andreas","RNL, GK",0,0%,2,66.67%,1,6.67%,0,0%,0,0%,2,50%
362,"Katsigiannis, Nikolas","RNL, GK",0,-,1,50%,0,0%,0,0%,0,0%,0,0%
363,"Milosavljev, Dejan","BER, GK",0,0%,0,0%,6,37.5%,1,20%,2,40%,1,14.29%
364,"Green Krejberg, Jannick","SCM, GK",0,0%,2,28.57%,4,57.14%,0,0%,0,0%,0,0%
365,"Jensen, Mike","SCM, GK",0,0%,1,50%,1,33.33%,0,0%,0,0%,1,50%
366,"Genz, Fredrik","BER, GK",0,-,0,-,0,-,0,-,0,-,0,-
367,"Lesjak, Urban","HAN, GK",1,20%,1,16.67%,4,36.36%,1,25%,3,33.33%,1,20%
368,"Landin Jacobsen, Niklas","THW, GK",2,66.67%,2,33.33%,4,50%,1,33.33%,1,20%,0,0%
369,"Quenstedt, Dario","THW, GK",0,0%,0,0%,3,60%,0,-,0,0%,0,0%
370,"Ritschel, Matthias","HAN, GK",0,0%,0,-,0,0%,0,-,0,-,0,-
371,"Saeveraas, Kristian Skinstad","LEI, GK",0,0%,5,50%,4,50%,4,66.67%,1,10%,1,25%
372,"Suljakovic, Anadin","WET, GK",0,0%,1,25%,2,66.67%,4,57.14%,0,0%,0,-
373,"Klimpke, Till","WET, GK",0,0%,2,50%,0,0%,0,0%,0,0%,0,0%
374,"Birlehm, Joel","LEI, GK",0,-,0,-,0,-,0,-,0,-,0,-
375,"Ferlin, Klemen","HCE, GK",0,0%,4,44.44%,7,43.75%,2,100%,4,57.14%,1,33.33%
376,"Bitter, Johannes","HSV, GK",1,25%,1,12.5%,5,33.33%,2,66.67%,1,50%,0,-
377,"Vortmann, Jens","HSV, GK",1,50%,0,-,0,-,0,-,0,-,0,-
378,"Ziemer, Martin","HCE, GK",1,50%,0,-,0,-,0,-,0,-,0,-
379,"Ruminsky, Mario","HBW, GK",0,0%,0,0%,9,45%,1,16.67%,2,40%,1,50%
380,"Rudeck, Christopher","BHC, GK",0,-,0,0%,5,45.45%,0,0%,1,25%,1,25%
381,"Mrkva, Tomas","BHC, GK",0,0%,0,0%,0,0%,0,0%,1,50%,0,-
382,"Sejr Jensen, Simon","HBW, GK",0,-,0,-,0,-,0,-,0,-,0,-
383,"Semisch, Malte","GWD, GK",0,0%,3,37.5%,4,44.44%,3,27.27%,0,0%,0,0%
384,"Katsigiannis, Nikolas","RNL, GK",0,0%,3,21.43%,3,60%,1,25%,0,0%,0,0%
385,"Lichtlein, Carsten","GWD, GK",0,0%,0,-,0,-,0,-,0,-,0,-
386,"Palicka, Andreas","RNL, GK",0,0%,0,-,0,-,0,-,0,-,0,-
387,"Klimpke, Till","WET, GK",0,0%,2,66.67%,6,54.55%,0,0%,0,0%,0,-
388,"Sejr Jensen, Simon","HBW, GK",1,20%,1,20%,3,33.33%,1,50%,0,-,1,33.33%
389,"Ruminsky, Mario","HBW, GK",0,0%,0,0%,1,25%,0,0%,0,0%,1,50%
390,"Suljakovic, Anadin","WET, GK",0,0%,0,0%,1,33.33%,0,0%,0,0%,0,-
391,"Rudeck, Christopher","BHC, GK",0,0%,3,30%,6,54.55%,0,0%,2,25%,1,33.33%
392,"Ziemer, Martin","HCE, GK",0,0%,4,40%,2,66.67%,1,33.33%,0,0%,0,0%
393,"Mrkva, Tomas","BHC, GK",0,-,0,-,0,-,0,-,0,-,0,-
394,"Ferlin, Klemen","HCE, GK",0,-,0,0%,0,0%,0,-,0,-,0,-
395,"Bitter, Johannes","HSV, GK",1,33.33%,3,27.27%,5,45.45%,1,20%,0,0%,0,0%
396,"Zecher, Finn","TBV, GK",2,66.67%,2,20%,0,0%,1,100%,0,0%,0,0%
397,"Johannesson, Peter","TBV, GK",0,-,1,33.33%,1,33.33%,1,100%,0,0%,0,0%
398,"Vortmann, Jens","HSV, GK",0,-,1,50%,0,-,0,-,0,0%,0,-
399,"Milosavljev, Dejan","BER, GK",1,33.33%,1,8.33%,4,50%,2,28.57%,1,16.67%,0,0%
400,"Thulin, Tobias","TVB, GK",1,25%,0,0%,6,66.67%,0,0%,0,0%,0,0%
401,"Prost, Primoz","TVB, GK",0,0%,0,0%,0,0%,0,0%,0,-,0,0%
402,"Genz, Fredrik","BER, GK",0,-,0,-,0,-,0,-,0,-,0,-
403,"Heinevetter, Silvio","MTM, GK",3,75%,3,42.86%,1,16.67%,1,50%,2,28.57%,2,25%
404,"Saeveraas, Kristian Skinstad","LEI, GK",0,-,5,45.45%,4,33.33%,2,50%,0,0%,1,20%
405,"Simic, Nebojsa","MTM, GK",0,-,0,-,0,-,0,-,0,-,0,-
406,"Birlehm, Joel","LEI, GK",0,-,0,-,0,-,0,-,0,-,0,-
407,"Landin Jacobsen, Niklas","THW, GK",1,33.33%,6,37.5%,4,50%,4,50%,0,0%,0,0%
408,"Kastelic, Urh","FAG, GK",0,0%,2,14.29%,2,40%,2,50%,0,0%,0,0%
409,"Rebmann, Daniel","FAG, GK",0,0%,0,0%,0,0%,0,0%,1,100%,0,0%
410,"Quenstedt, Dario","THW, GK",0,-,0,-,0,-,0,-,0,-,0,-
411,"Heinevetter, Silvio","MTM, GK",0,0%,2,50%,6,60%,1,100%,1,16.67%,0,0%
412,"Katsigiannis, Nikolas","RNL, GK",1,100%,1,16.67%,3,30%,3,37.5%,1,50%,0,-
413,"Simic, Nebojsa","MTM, GK",1,50%,0,-,1,16.67%,0,-,1,25%,0,-
414,"Grupe, Mats","RNL, GK",0,0%,1,20%,2,66.67%,0,0%,0,-,0,-
415,"Pesic, Ivan","TVB, GK",2,50%,0,0%,4,40%,1,25%,1,14.29%,0,0%
416,"Ziemer, Martin","HCE, GK",0,0%,2,66.67%,2,20%,1,12.5%,0,0%,1,20%
417,"Boieck, Janis","HCE, GK",0,-,0,0%,1,33.33%,1,100%,0,-,0,0%
418,"Thulin, Tobias","TVB, GK",0,-,0,-,0,-,0,-,0,-,0,-
419,"Kastelic, Urh","FAG, GK",1,50%,1,33.33%,5,31.25%,0,0%,2,22.22%,0,-
420,"Ruminsky, Mario","HBW, GK",1,25%,0,0%,4,44.44%,1,25%,1,50%,1,20%
421,"Sejr Jensen, Simon","HBW, GK",1,50%,1,33.33%,1,16.67%,0,-,0,0%,0,-
422,"Klein, Sebastian","FAG, GK",0,-,0,-,0,-,0,-,0,-,0,-
423,"Bitter, Johannes","HSV, GK",0,0%,2,16.67%,3,50%,1,25%,0,0%,1,50%
424,"Vortmann, Jens","HSV, GK",0,0%,3,50%,1,50%,0,0%,0,0%,0,-
425,"Asheim, Havard","NLB, GK",1,25%,0,0%,1,20%,1,20%,0,0%,0,-
426,"Rezar, Aljosa","NLB, GK",0,0%,0,0%,1,16.67%,1,50%,0,-,0,0%
427,"Milosavljev, Dejan","BER, GK",0,0%,3,60%,12,80%,1,100%,0,0%,1,33.33%
428,"Rudeck, Christopher","BHC, GK",0,0%,1,20%,2,25%,0,0%,1,25%,0,0%
429,"Mrkva, Tomas","BHC, GK",0,-,1,33.33%,2,50%,0,0%,0,0%,0,0%
430,"Genz, Fredrik","BER, GK",0,-,0,-,1,20%,0,-,1,50%,0,-
431,"Landin Jacobsen, Niklas","THW, GK",0,0%,5,31.25%,4,57.14%,2,28.57%,2,40%,0,0%
432,"Saeveraas, Kristian Skinstad","LEI, GK",0,0%,2,28.57%,2,28.57%,1,25%,0,0%,1,33.33%
433,"Birlehm, Joel","LEI, GK",1,33.33%,0,0%,1,25%,1,50%,0,0%,0,-
434,"Quenstedt, Dario","THW, GK",0,-,0,-,0,-,0,-,0,-,0,-
435,"Suljakovic, Anadin","WET, GK",0,0%,4,50%,5,35.71%,3,37.5%,0,0%,1,50%
436,"Møller, Kevin","SGF, GK",0,0%,1,50%,1,7.69%,0,0%,2,66.67%,0,0%
437,"Buric, Benjamin","SGF, GK",1,50%,2,50%,0,-,0,0%,0,-,0,0%
438,"Klimpke, Till","WET, GK",0,0%,0,-,0,-,0,-,0,-,0,-
439,"Lesjak, Urban","HAN, GK",1,25%,2,16.67%,8,61.54%,1,14.29%,2,100%,0,0%
440,"Zecher, Finn","TBV, GK",1,100%,1,7.69%,5,31.25%,0,0%,1,25%,0,0%
441,"Ritschel, Matthias","HAN, GK",0,0%,0,-,0,-,0,-,0,-,0,-
442,"Muhlenstadt, Timon","TBV, GK",0,-,0,0%,0,-,0,-,0,0%,0,-
443,"Semisch, Malte","GWD, GK",1,25%,2,18.18%,5,41.67%,2,28.57%,0,0%,0,0%
444,"Jensen, Mike","SCM, GK",0,0%,1,16.67%,1,100%,2,66.67%,1,50%,0,0%
445,"Green Krejberg, Jannick","SCM, GK",0,0%,2,22.22%,0,0%,0,0%,0,0%,1,25%
446,"Lichtlein, Carsten","GWD, GK",1,50%,0,-,0,-,0,-,0,-,0,-
447,"Birlehm, Joel","LEI, GK",1,50%,3,42.86%,7,50%,2,40%,0,0%,1,20%
448,"Sejr Jensen, Simon","HBW, GK",1,50%,2,18.18%,3,50%,1,50%,1,20%,0,0%
449,"Saeveraas, Kristian Skinstad","LEI, GK",0,-,0,-,0,-,0,-,0,-,0,-
450,"Baranasic, Filip","HBW, GK",0,-,0,-,0,0%,0,0%,0,-,0,-
451,"Pesic, Ivan","TVB, GK",0,0%,6,33.33%,3,42.86%,3,27.27%,2,50%,0,0%
452,"Lichtlein, Carsten","GWD, GK",1,25%,0,0%,1,14.29%,1,20%,2,40%,1,33.33%
453,"Semisch, Malte","GWD, GK",1,50%,0,0%,1,50%,1,33.33%,1,100%,0,-
454,"Thulin, Tobias","TVB, GK",0,-,0,-,0,-,0,-,0,-,0,-
455,"Buric, Benjamin","SGF, GK",2,40%,4,50%,5,45.45%,1,25%,0,0%,0,0%
456,"Mrkva, Tomas","BHC, GK",0,0%,3,25%,1,33.33%,2,66.67%,0,0%,1,20%
457,"Rudeck, Christopher","BHC, GK",0,0%,0,0%,0,0%,0,0%,0,0%,0,-
458,"Møller, Kevin","SGF, GK",0,-,0,-,0,-,0,-,0,-,0,-
459,"Landin Jacobsen, Niklas","THW, GK",1,33.33%,3,33.33%,3,60%,5,62.5%,1,20%,0,-
460,"Vortmann, Jens","HSV, GK",0,0%,2,22.22%,2,28.57%,1,33.33%,2,66.67%,0,0%
461,"Bitter, Johannes","HSV, GK",0,0%,0,0%,1,25%,1,100%,0,0%,0,0%
462,"Quenstedt, Dario","THW, GK",0,-,0,0%,1,33.33%,0,-,0,0%,0,-
463,"Zecher, Finn","TBV, GK",1,50%,3,21.43%,7,70%,2,33.33%,0,0%,0,0%
464,"Green Krejberg, Jannick","SCM, GK",0,0%,2,28.57%,3,50%,4,40%,0,0%,0,0%
465,"Jensen, Mike","SCM, GK",1,50%,0,0%,0,-,0,-,0,-,0,-
466,"Muhlenstadt, Timon","TBV, GK",0,-,0,-,0,-,0,-,0,-,0,-
467,"Lesjak, Urban","HAN, GK",1,100%,6,35.29%,1,25%,1,20%,2,66.67%,0,0%
468,"Rezar, Aljosa","NLB, GK",2,66.67%,3,27.27%,0,0%,5,41.67%,0,-,0,0%
469,"Ebner, Domenico","HAN, GK",1,100%,0,-,0,-,0,-,0,-,0,-
470,"Asheim, Havard","NLB, GK",0,-,0,-,0,-,0,-,0,-,0,-
471,"Simic, Nebojsa","MTM, GK",0,-,6,46.15%,5,38.46%,1,20%,2,25%,1,20%
472,"Klimpke, Till","WET, GK",0,0%,4,28.57%,2,40%,1,25%,0,0%,0,0%
473,"Suljakovic, Anadin","WET, GK",1,50%,1,50%,0,-,0,0%,0,-,0,-
474,"Heinevetter, Silvio","MTM, GK",0,-,0,-,0,-,0,-,0,-,0,-
475,"Kastelic, Urh","FAG, GK",1,33.33%,2,20%,6,66.67%,2,40%,1,20%,1,20%
476,"Hassferter, Michael","HCE, GK",0,-,1,20%,1,33.33%,0,0%,1,50%,0,0%
477,"Ziemer, Martin","HCE, GK",0,0%,1,12.5%,0,0%,0,0%,0,0%,0,0%
478,"Rebmann, Daniel","FAG, GK",0,0%,0,-,0,-,1,100%,0,-,0,-
479,"Ziemer, Martin","HCE, GK",0,0%,0,0%,8,40%,1,25%,1,20%,1,50%
480,"Klimpke, Till","WET, GK",0,0%,0,0%,5,55.56%,1,50%,1,16.67%,0,-
481,"Suljakovic, Anadin","WET, GK",0,0%,0,0%,1,20%,0,-,0,-,0,0%
482,"Hassferter, Michael","HCE, GK",0,-,0,-,0,-,0,-,0,-,0,-
483,"Green Krejberg, Jannick","SCM, GK",0,0%,6,35.29%,3,37.5%,1,25%,1,25%,0,0%
484,"Ebner, Domenico","HAN, GK",1,100%,2,33.33%,0,0%,2,50%,0,0%,0,-
485,"Lesjak, Urban","HAN, GK",1,50%,1,11.11%,2,40%,0,0%,1,16.67%,0,0%
486,"Jensen, Mike","SCM, GK",0,-,0,-,0,0%,0,0%,1,50%,0,-
487,"Semisch, Malte","GWD, GK",1,100%,2,28.57%,5,50%,1,20%,2,28.57%,2,50%
488,"Rudeck, Christopher","BHC, GK",0,0%,1,20%,2,66.67%,0,0%,1,100%,0,0%
489,"Mrkva, Tomas","BHC, GK",0,0%,0,0%,2,100%,0,0%,0,0%,1,25%
490,"Lichtlein, Carsten","GWD, GK",0,-,0,-,0,-,0,-,0,-,0,-
491,"Heinevetter, Silvio","MTM, GK",0,0%,1,25%,4,33.33%,3,50%,1,25%,0,0%
492,"Ruminsky, Mario","HBW, GK",0,0%,0,0%,2,18.18%,3,75%,0,0%,0,0%
493,"Simic, Nebojsa","MTM, GK",0,-,1,100%,2,100%,0,0%,0,0%,0,-
494,"Baranasic, Filip","HBW, GK",0,0%,0,0%,0,0%,0,0%,0,0%,0,0%
495,"Spohn, Valentin","NLB, LB",0/0,-,4/6,66.67%,4/7,57.14%,0/0,-,0/0,-,0/0,-
496,"Petreikis, Benas","NLB, CB",0/0,-,7/8,87.5%,0/0,-,0/0,-,0/0,-,0/0,-
497,"Kristjansson, Viggo","TVB, RB",1/2,50%,4/5,80%,1/3,33.33%,0/0,-,0/0,-,0/0,-
498,"Lonn, Adam","TVB, LB",0/0,-,1/1,100%,4/7,57.14%,0/0,-,0/0,-,0/0,-
499,"Skroblien, Tom","NLB, LW",3/4,75%,0/0,-,0/0,-,0/2,0%,0/0,-,1/1,100%
500,"Augustinussen, Sebastian","TVB, RW",0/0,-,0/0,-,1/1,100%,2/4,50%,0/0,-,0/0,-
501,"Hanusz, Egon","TVB, CB",0/0,-,0/0,-,0/0,-,0/0,-,2/2,100%,0/0,-
502,"Peshevski, Zarko","TVB, P",0/0,-,0/0,-,0/0,-,0/0,-,2/2,100%,0/0,-
503,"Speckmann, Jan-Eric","NLB, LW",0/0,-,0/0,-,0/0,-,1/1,100%,1/1,100%,0/0,-
504,"Mrakovcic, Luka","NLB, CB",0/0,-,2/3,66.67%,0/0,-,0/0,-,0/0,-,0/0,-
505,"Zieker, Patrick","TVB, LW",0/0,-,0/0,-,0/0,-,0/1,0%,0/1,0%,2/2,100%
506,"Nissen, Marek","NLB, LB",0/0,-,1/1,100%,1/3,33.33%,0/0,-,0/0,-,0/0,-
507,"Muller, Jerome","TVB, RB",0/0,-,2/2,100%,0/2,0%,0/1,0%,0/0,-,0/0,-
508,"Strosack, Peter","NLB, RW",0/0,-,0/0,-,0/0,-,1/1,100%,0/0,-,0/1,0%
509,"Rothlisberger, Samuel","TVB, P",0/0,-,0/0,-,0/0,-,0/0,-,1/2,50%,0/0,-
510,"Petrovsky, Leos","NLB, P",0/0,-,0/0,-,0/0,-,0/0,-,1/2,50%,0/0,-
511,"Meschke, Benjamin","TVB, P",0/0,-,0/0,-,0/0,-,0/0,-,0/0,-,0/0,-
512,"Drager, Yannick","NLB, P",0/0,-,0/0,-,0/0,-,0/0,-,0/0,-,0/0,-
513,"Weiss, Dominik","TVB, LB",0/0,-,0/0,-,0/0,-,0/0,-,0/0,-,0/0,-
514,"Franke, Marten","NLB, RW",0/0,-,0/0,-,0/0,-,0/0,-,0/0,-,0/0,-
515,"Mundus, Marvin","NLB, RW",0/0,-,0/0,-,0/0,-,0/0,-,0/0,-,0/0,-
516,"Schulze, Alexander","TVB, LW",0/0,-,0/0,-,0/0,-,0/0,-,0/0,-,0/0,-
517,"Pfattheicher, Sascha","TVB, RW",0/0,-,0/0,-,0/0,-,0/1,0%,0/0,-,0/0,-
518,"Runarsson, Andri Mar","TVB, CB",0/0,-,0/0,-,0/1,0%,0/0,-,0/0,-,0/0,-
519,"Kontrec, Tin","NLB, P",0/0,-,0/0,-,0/1,0%,0/0,-,0/3,0%,0/0,-
520,"Katsigiannis, Nikolas","RNL, GK",1,20%,1,9.09%,5,55.56%,0,0%,1,20%,2,40%
521,"Landin Jacobsen, Niklas","THW, GK",0,0%,1,33.33%,0,0%,4,80%,0,0%,0,0%
522,"Quenstedt, Dario","THW, GK",0,0%,0,0%,4,57.14%,0,0%,0,-,0,0%
523,"Grupe, Mats","RNL, GK",0,0%,1,100%,0,0%,0,0%,1,50%,0,-
524,"Møller, Kevin","SGF, GK",2,50%,6,42.86%,7,63.64%,3,50%,1,33.33%,0,0%
525,"Saeveraas, Kristian Skinstad","LEI, GK",0,0%,3,42.86%,1,16.67%,0,0%,0,0%,0,0%
526,"Birlehm, Joel","LEI, GK",0,-,1,50%,0,0%,0,-,0,0%,0,0%
527,"Buric, Benjamin","SGF, GK",0,-,0,-,0,-,0,-,0,-,0,-
528,"Bitter, Johannes","HSV, GK",0,0%,4,28.57%,5,71.43%,2,33.33%,1,33.33%,1,14.29%
529,"Milosavljev, Dejan","BER, GK",0,0%,0,0%,3,27.27%,0,0%,1,33.33%,0,0%
530,"Vortmann, Jens","HSV, GK",0,0%,0,-,0,-,0,-,0,-,0,-
531,"Ludwig, Lasse","BER, GK",0,0%,0,-,0,-,0,-,0,-,0,-
532,"Kastelic, Urh","FAG, GK",1,33.33%,1,12.5%,5,33.33%,1,12.5%,1,20%,0,0%
533,"Zecher, Finn","TBV, GK",0,0%,1,14.29%,2,40%,1,100%,1,14.29%,0,0%
534,"Buchele, Julian","FAG, GK",0,0%,0,0%,1,100%,1,100%,0,-,0,-
535,"Muhlenstadt, Timon","TBV, GK",0,0%,0,-,0,0%,0,-,0,-,1,100%
536,"Spohn, Valentin","NLB, LB",0/0,-,4/6,66.67%,5/7,71.43%,0/0,-,0/0,-,0/0,-
537,"Gensheimer, Uwe","RNL, LW",4/4,100%,0/0,-,0/0,-,3/3,100%,0/0,-,1/1,100%
538,"Groetzki, Patrick","RNL, RW",0/0,-,0/0,-,0/0,-,5/5,100%,0/0,-,2/2,100%
539,"Ahouansou, Philipp","RNL, LB",0/0,-,5/6,83.33%,2/4,50%,0/0,-,0/0,-,0/0,-
540,"Zacharias, Lion","RNL, LW",1/1,100%,0/0,-,0/0,-,3/3,100%,0/0,-,1/1,100%
541,"Kontrec, Tin","NLB, P",0/0,-,0/0,-,0/0,-,0/0,-,3/3,100%,1/1,100%
542,"Kohlbacher, Jannik","RNL, P",0/0,-,0/0,-,0/0,-,0/0,-,2/2,100%,0/0,-
543,"Petreikis, Benas","NLB, CB",0/0,-,2/2,100%,0/1,0%,0/0,-,0/0,-,0/0,-
544,"Speckmann, Jan-Eric","NLB, LW",0/0,-,0/0,-,0/0,-,1/2,50%,0/0,-,1/1,100%
545,"Knorr, Juri","RNL, CB",0/0,-,1/1,100%,1/2,50%,0/0,-,0/0,-,0/0,-
546,"Strosack, Peter","NLB, RW",0/0,-,0/0,-,0/0,-,1/1,100%,0/1,0%,1/2,50%
547,"Horzen, Kristjan","RNL, P",0/0,-,0/0,-,0/0,-,0/0,-,2/4,50%,0/0,-
548,"Petrovsky, Leos","NLB, P",0/0,-,0/0,-,0/0,-,0/0,-,1/1,100%,0/0,-
549,"Nissen, Marek","NLB, LB",0/0,-,1/1,100%,0/1,0%,0/0,-,0/0,-,0/0,-
550,"Skroblien, Tom","NLB, LW",0/1,0%,0/0,-,0/0,-,0/1,0%,0/0,-,1/1,100%
551,"Franke, Marten","NLB, RW",0/0,-,0/1,0%,0/1,0%,0/0,-,0/0,-,1/1,100%
552,"Vest Kirkelokke, Niclas","RNL, RB",0/0,-,0/0,-,1/3,33.33%,0/0,-,0/0,-,0/0,-
553,"Diocou Soumare, Mamadou Lamine","RNL, RW",0/0,-,0/0,-,0/0,-,1/3,33.33%,0/0,-,0/0,-
554,"Mrakovcic, Luka","NLB, CB",0/0,-,1/3,33.33%,0/1,0%,0/0,-,0/0,-,0/0,-
555,"Mundus, Marvin","NLB, RW",0/0,-,1/4,25%,0/0,-,0/0,-,0/0,-,0/0,-
556,"Patrail, Mait","RNL, LB",0/0,-,0/0,-,0/0,-,0/0,-,0/0,-,0/0,-
557,"Drager, Yannick","NLB, P",0/0,-,0/0,-,0/0,-,0/0,-,0/0,-,0/0,-
558,"Nilsson, Lukas","RNL, LB",0/0,-,0/0,-,0/0,-,0/0,-,0/0,-,0/0,-
559,"Lagergren, Albin","RNL, RB",0/0,-,0/0,-,0/1,0%,0/0,-,0/0,-,0/0,-
560,"Gislason, Ymir Orn","RNL, P",0/0,-,0/0,-,0/0,-,0/0,-,0/0,-,0/1,0%
561,"Schmid, Andre","RNL, CB",0/0,-,0/1,0%,0/1,0%,0/0,-,0/0,-,0/0,-
562,"Pesic, Ivan","TVB, GK",0,0%,3,21.43%,2,25%,0,0%,2,50%,0,0%
563,"Johannesson, Peter","TBV, GK",0,-,4,25%,0,0%,1,33.33%,0,0%,0,-
564,"Zecher, Finn","TBV, GK",0,-,1,20%,1,100%,0,0%,0,0%,0,-
565,"Prost, Primoz","TVB, GK",0,-,0,-,0,-,0,-,0,-,0,-
566,"Thulin, Tobias","TVB, GK",0,0%,0,0%,0,0%,0,0%,0,0%,0,-
567,"Green Krejberg, Jannick","SCM, GK",0,0%,4,26.67%,5,62.5%,2,100%,1,16.67%,0,0%
568,"Mrkva, Tomas","BHC, GK",0,0%,3,17.65%,2,66.67%,0,0%,2,50%,1,50%
569,"Rudeck, Christopher","BHC, GK",0,-,1,50%,1,100%,1,100%,1,25%,0,-
570,"Jensen, Mike","SCM, GK",0,0%,0,-,0,-,0,-,0,-,0,-
571,"Bitter, Johannes","HSV, GK",1,50%,8,53.33%,3,75%,2,22.22%,5,45.45%,0,0%
572,"Lesjak, Urban","HAN, GK",0,0%,3,42.86%,3,37.5%,6,54.55%,3,37.5%,1,50%
573,"Ebner, Domenico","HAN, GK",2,66.67%,0,0%,0,-,0,-,0,-,0,-
574,"Vortmann, Jens","HSV, GK",0,-,0,-,0,-,0,-,0,-,0,-
575,"Rebmann, Daniel","FAG, GK",0,0%,5,31.25%,5,55.56%,2,28.57%,0,0%,1,20%
576,"Milosavljev, Dejan","BER, GK",0,0%,3,27.27%,4,57.14%,4,57.14%,1,25%,0,0%
577,"Genz, Fredrik","BER, GK",0,0%,0,-,0,-,0,-,0,-,0,-
578,"Kastelic, Urh","FAG, GK",0,-,0,-,0,-,0,-,0,-,0,-
579,"Heinevetter, Silvio","MTM, GK",0,-,0,0%,1,25%,2,66.67%,2,25%,0,0%
580,"Ziemer, Martin","HCE, GK",1,16.67%,0,0%,3,42.86%,0,0%,0,0%,1,33.33%
581,"Simic, Nebojsa","MTM, GK",0,-,0,0%,1,20%,2,66.67%,0,0%,0,0%
582,"Hassferter, Michael","HCE, GK",0,0%,0,0%,0,0%,0,-,0,-,0,-
583,"Semisch, Malte","GWD, GK",2,33.33%,4,57.14%,2,25%,3,60%,0,0%,2,28.57%
584,"Saeveraas, Kristian Skinstad","LEI, GK",2,66.67%,1,11.11%,0,0%,1,33.33%,1,100%,1,25%
585,"Birlehm, Joel","LEI, GK",0,-,0,0%,0,0%,1,50%,0,0%,0,-
586,"Lichtlein, Carsten","GWD, GK",0,-,0,-,0,-,0,-,0,-,0,-
587,"Klimpke, Till","WET, GK",1,50%,0,0%,9,81.82%,1,16.67%,1,20%,1,20%
588,"Landin Jacobsen, Niklas","THW, GK",0,0%,2,40%,4,40%,2,28.57%,0,0%,0,0%
589,"Quenstedt, Dario","THW, GK",0,-,0,0%,0,-,0,-,0,0%,0,-
590,"Suljakovic, Anadin","WET, GK",0,-,0,-,0,-,0,-,0,-,0,-
591,"Buric, Benjamin","SGF, GK",0,0%,1,11.11%,7,58.33%,2,40%,1,25%,0,0%
592,"Sejr Jensen, Simon","HBW, GK",1,100%,0,0%,3,75%,1,100%,0,0%,0,0%
593,"Ruminsky, Mario","HBW, GK",0,-,0,0%,1,25%,0,0%,0,-,0,-
594,"Møller, Kevin","SGF, GK",0,-,0,-,0,-,0,-,0,-,0,-
595,"Landin Jacobsen, Niklas","THW, GK",0,0%,2,50%,1,14.29%,1,20%,3,42.86%,0,0%
596,"Pesic, Ivan","TVB, GK",1,33.33%,2,20%,1,20%,0,0%,2,28.57%,0,0%
597,"Prost, Primoz","TVB, GK",0,-,2,33.33%,2,50%,0,-,1,50%,0,0%
598,"Quenstedt, Dario","THW, GK",0,0%,0,0%,0,0%,0,0%,0,0%,0,-
599,"Møller, Kevin","SGF, GK",1,50%,2,40%,3,27.27%,2,50%,0,0%,0,0%
600,"Simic, Nebojsa","MTM, GK",0,-,0,0%,2,22.22%,2,50%,0,0%,0,-
601,"Heinevetter, Silvio","MTM, GK",0,-,1,20%,1,16.67%,0,0%,1,50%,0,0%
602,"Buric, Benjamin","SGF, GK",0,-,1,50%,0,0%,0,-,1,50%,0,-
603,"Rebmann, Daniel","FAG, GK",0,0%,2,20%,1,25%,0,0%,2,50%,1,33.33%
604,"Lesjak, Urban","HAN, GK",0,-,3,21.43%,1,25%,1,16.67%,1,33.33%,0,0%
605,"Ebner, Domenico","HAN, GK",0,0%,1,25%,0,-,2,66.67%,1,50%,0,-
606,"Kastelic, Urh","FAG, GK",0,0%,0,0%,1,50%,1,20%,0,0%,0,-
607,"Katsigiannis, Nikolas","RNL, GK",0,-,1,20%,3,33.33%,0,0%,2,28.57%,1,9.09%
608,"Ferlin, Klemen","HCE, GK",0,0%,2,66.67%,2,22.22%,1,33.33%,1,20%,1,100%
609,"Ziemer, Martin","HCE, GK",0,0%,0,0%,1,25%,0,0%,2,50%,0,-
610,"Grupe, Mats","RNL, GK",0,0%,0,0%,0,0%,0,-,1,50%,0,0%
611,"Suljakovic, Anadin","WET, GK",0,0%,3,23.08%,5,83.33%,6,66.67%,0,-,2,25%
612,"Semisch, Malte","GWD, GK",0,0%,1,11.11%,8,88.89%,4,50%,0,0%,0,0%
613,"Lichtlein, Carsten","GWD, GK",0,0%,0,-,0,-,0,-,0,-,0,-
614,"Klimpke, Till","WET, GK",0,0%,0,-,0,-,0,-,0,-,0,-
615,"Bitter, Johannes","HSV, GK",1,25%,2,20%,5,45.45%,1,50%,3,37.5%,0,0%
616,"Jensen, Mike","SCM, GK",0,0%,2,50%,2,28.57%,1,25%,1,25%,0,0%
617,"Vortmann, Jens","HSV, GK",0,-,0,0%,3,60%,0,-,0,-,0,0%
618,"Green Krejberg, Jannick","SCM, GK",0,0%,0,0%,1,25%,0,0%,1,33.33%,0,-
619,"Ruminsky, Mario","HBW, GK",0,0%,1,25%,2,40%,0,0%,2,66.67%,0,0%
620,"Genz, Fredrik","BER, GK",0,0%,1,100%,1,33.33%,0,0%,0,0%,1,33.33%
621,"Milosavljev, Dejan","BER, GK",0,0%,0,0%,1,14.29%,0,0%,2,50%,0,-
622,"Sejr Jensen, Simon","HBW, GK",0,0%,0,0%,2,50%,0,0%,0,0%,0,-
623,"Mrkva, Tomas","BHC, GK",0,0%,2,25%,5,38.46%,1,25%,2,28.57%,0,0%
624,"Zecher, Finn","TBV, GK",0,0%,2,33.33%,7,35%,0,0%,0,0%,0,0%
625,"Rudeck, Christopher","BHC, GK",0,-,0,-,0,-,0,-,0,-,0,-
626,"Muhlenstadt, Timon","TBV, GK",0,-,0,-,0,-,0,-,0,-,0,-
627,"Saeveraas, Kristian Skinstad","LEI, GK",0,0%,3,27.27%,5,71.43%,4,44.44%,0,0%,0,0%
628,"Rezar, Aljosa","NLB, GK",1,50%,0,0%,0,0%,0,0%,1,33.33%,0,0%
629,"Asheim, Havard","NLB, GK",0,-,0,0%,1,50%,0,0%,0,0%,0,0%
630,"Birlehm, Joel","LEI, GK",0,-,0,-,0,-,0,-,0,-,0,-
631,"Buric, Benjamin","SGF, GK",0,0%,4,36.36%,5,55.56%,3,27.27%,1,33.33%,1,20%
632,"Green Krejberg, Jannick","SCM, GK",0,0%,4,57.14%,6,37.5%,1,11.11%,1,33.33%,0,0%
633,"Møller, Kevin","SGF, GK",1,100%,0,-,0,-,0,-,0,-,0,-
634,"Jensen, Mike","SCM, GK",0,-,0,-,1,100%,0,0%,0,-,0,-
635,"Kastelic, Urh","FAG, GK",0,0%,6,35.29%,2,40%,1,14.29%,4,57.14%,0,0%
636,"Thulin, Tobias","TVB, GK",0,0%,1,12.5%,2,100%,2,50%,1,50%,0,-
637,"Pesic, Ivan","TVB, GK",0,0%,2,28.57%,0,0%,1,12.5%,1,33.33%,0,0%
638,"Rebmann, Daniel","FAG, GK",0,0%,0,-,0,-,0,-,0,-,0,-
639,"Klein, Sebastian","FAG, GK",0,-,0,-,0,-,0,-,0,-,0,-
640,"Semisch, Malte","GWD, GK",0,0%,2,28.57%,6,60%,2,20%,3,60%,1,25%
641,"Ruminsky, Mario","HBW, GK",0,-,1,12.5%,4,66.67%,1,16.67%,0,-,0,0%
642,"Lichtlein, Carsten","GWD, GK",0,-,0,-,0,-,0,-,0,-,0,-
643,"Sejr Jensen, Simon","HBW, GK",0,-,0,0%,0,-,0,0%,0,-,0,-
644,"Landin Jacobsen, Niklas","THW, GK",0,0%,3,30%,6,66.67%,1,33.33%,1,100%,0,-
645,"Johannesson, Peter","TBV, GK",1,33.33%,3,33.33%,3,37.5%,0,0%,0,0%,2,40%
646,"Zecher, Finn","TBV, GK",0,0%,0,0%,3,60%,0,-,0,0%,0,0%
647,"Quenstedt, Dario","THW, GK",0,0%,0,0%,1,50%,0,-,0,0%,0,0%
648,"Ebner, Domenico","HAN, GK",1,50%,3,17.65%,4,57.14%,0,0%,2,50%,0,0%
649,"Katsigiannis, Nikolas","RNL, GK",0,0%,2,22.22%,4,100%,2,33.33%,1,9.09%,0,0%
650,"Lesjak, Urban","HAN, GK",0,-,0,-,0,-,0,-,0,-,0,-
651,"Grupe, Mats","RNL, GK",0,-,0,0%,0,-,0,-,0,-,0,-
652,"Heinevetter, Silvio","MTM, GK",1,33.33%,2,18.18%,7,58.33%,0,0%,2,25%,1,25%
653,"Milosavljev, Dejan","BER, GK",0,0%,2,22.22%,5,41.67%,1,25%,1,12.5%,1,33.33%
654,"Genz, Fredrik","BER, GK",0,-,0,-,0,-,0,-,0,-,0,-
655,"Simic, Nebojsa","MTM, GK",0,-,0,-,0,-,0,-,0,-,0,-
656,"Klimpke, Till","WET, GK",0,-,2,25%,1,33.33%,2,66.67%,0,-,0,0%
657,"Asheim, Havard","NLB, GK",0,0%,0,0%,3,42.86%,1,33.33%,0,0%,0,-
658,"Suljakovic, Anadin","WET, GK",2,66.67%,0,0%,0,0%,0,0%,1,100%,0,0%
659,"Rezar, Aljosa","NLB, GK",0,0%,0,0%,0,0%,1,25%,0,-,0,-
660,"Mrkva, Tomas","BHC, GK",1,33.33%,7,43.75%,2,40%,1,50%,0,0%,0,0%
661,"Bitter, Johannes","HSV, GK",0,0%,5,38.46%,2,33.33%,1,25%,2,28.57%,0,0%
662,"Vortmann, Jens","HSV, GK",0,-,0,0%,1,50%,0,0%,0,-,0,-
663,"Rudeck, Christopher","BHC, GK",0,0%,0,-,0,-,0,-,0,-,0,-
664,"Saeveraas, Kristian Skinstad","LEI, GK",0,0%,4,57.14%,7,70%,2,66.67%,1,25%,1,16.67%
665,"Ziemer, Martin","HCE, GK",3,100%,3,75%,2,50%,2,40%,1,25%,1,50%
666,"Ferlin, Klemen","HCE, GK",0,0%,0,0%,1,33.33%,1,50%,0,0%,1,16.67%
667,"Birlehm, Joel","LEI, GK",0,-,0,-,0,-,0,-,0,-,0,-
668,"Semisch, Malte","GWD, GK",2,33.33%,2,28.57%,3,37.5%,3,60%,2,40%,0,0%
669,"Green Krejberg, Jannick","SCM, GK",0,0%,4,50%,4,40%,1,33.33%,0,-,0,-
670,"Jensen, Mike","SCM, GK",1,100%,0,0%,1,25%,1,100%,0,-,0,-
671,"Lichtlein, Carsten","GWD, GK",0,0%,0,-,0,-,0,-,0,-,0,-
672,"Rudeck, Christopher","BHC, GK",0,0%,1,25%,1,33.33%,1,20%,1,9.09%,0,0%
673,"Rebmann, Daniel","FAG, GK",0,0%,1,16.67%,1,25%,0,0%,0,0%,0,-
674,"Kastelic, Urh","FAG, GK",0,0%,1,16.67%,0,-,0,0%,0,0%,1,16.67%
675,"Klama, Joonas","BHC, GK",0,-,0,-,0,-,0,-,0,-,0,-
676,"Saeveraas, Kristian Skinstad","LEI, GK",0,0%,2,40%,7,70%,2,28.57%,0,0%,1,16.67%
677,"Ruminsky, Mario","HBW, GK",0,0%,2,16.67%,4,50%,0,0%,1,33.33%,0,0%
678,"Sejr Jensen, Simon","HBW, GK",2,66.67%,0,-,0,0%,0,0%,0,-,0,0%
679,"El-Tayar, Mohamed Essam Moustafa","LEI, GK",0,0%,0,-,0,-,0,-,0,-,0,-
680,"Milosavljev, Dejan","BER, GK",0,0%,1,14.29%,6,46.15%,7,87.5%,4,100%,0,0%
681,"Birlehm, Joel","RNL, GK",0,0%,2,28.57%,3,23.08%,2,100%,0,0%,1,100%
682,"Katsigiannis, Nikolas","RNL, GK",0,-,0,-,1,100%,0,-,0,-,0,0%
683,"Ludwig, Lasse","BER, GK",0,0%,0,-,0,-,0,-,0,-,0,-
684,"Møller, Kevin","SGF, GK",1,33.33%,5,55.56%,2,66.67%,1,11.11%,0,0%,1,25%
685,"Klimpke, Till","WET, GK",0,0%,2,50%,2,33.33%,3,37.5%,0,0%,0,0%
686,"Buric, Benjamin","SGF, GK",0,0%,2,33.33%,0,0%,0,0%,0,-,0,-
687,"Suljakovic, Anadin","WET, GK",0,0%,0,0%,0,-,1,25%,0,0%,0,-
688,"Johannesson, Peter","TBV, GK",0,0%,2,25%,4,80%,1,25%,1,100%,1,33.33%
689,"Rezar, Aljosa","NLB, GK",0,0%,0,0%,1,14.29%,4,50%,1,50%,0,0%
690,"Asheim, Havard","NLB, GK",0,0%,0,0%,3,60%,1,33.33%,0,-,0,0%
691,"Zecher, Finn","TBV, GK",0,0%,0,0%,0,0%,0,0%,0,0%,0,-
692,"Quenstedt, Dario","THW, GK",0,0%,0,0%,2,28.57%,2,40%,1,12.5%,0,0%
693,"Vujovic, Miljan","TVB, GK",0,0%,0,0%,1,20%,3,37.5%,2,18.18%,0,0%
694,"Saggau, Philip Hartwig","THW, GK",0,-,0,0%,1,100%,0,0%,0,-,0,-
695,"Pesic, Ivan","TVB, GK",0,0%,0,0%,0,0%,0,0%,0,0%,0,-
696,"Møller, Kevin","SGF, GK",0,0%,1,50%,11,45.83%,2,40%,1,50%,0,0%
697,"Ebner, Domenico","HAN, GK",2,28.57%,1,20%,6,42.86%,1,12.5%,2,33.33%,1,50%
698,"Buric, Benjamin","SGF, GK",0,-,0,-,0,-,0,-,0,-,0,-
699,"Lesjak, Urban","HAN, GK",0,0%,0,-,0,-,0,-,0,-,0,-
700,"Simic, Nebojsa","MTM, GK",0,0%,0,0%,7,70%,5,50%,2,50%,1,33.33%
701,"Ruminsky, Mario","HBW, GK",0,0%,4,44.44%,3,33.33%,3,37.5%,0,0%,2,25%
702,"Heinevetter, Silvio","MTM, GK",0,-,0,-,0,-,0,-,0,-,0,-
703,"Sejr Jensen, Simon","HBW, GK",0,-,0,-,0,-,0,-,0,-,0,-
704,"Birlehm, Joel","RNL, GK",0,0%,4,44.44%,3,60%,0,0%,2,66.67%,0,0%
705,"Sonne-Hansen, Kim","HCE, GK",0,0%,0,0%,2,33.33%,4,33.33%,1,33.33%,0,0%
706,"Katsigiannis, Nikolas","RNL, GK",0,0%,0,0%,1,16.67%,0,0%,1,100%,0,0%
707,"Ferlin, Klemen","HCE, GK",0,0%,0,0%,1,33.33%,0,0%,0,-,0,0%
708,"Jensen, Mike","SCM, GK",0,0%,3,33.33%,1,50%,2,50%,1,25%,0,0%
709,"Rezar, Aljosa","NLB, GK",0,-,1,10%,3,60%,1,16.67%,0,0%,0,0%
710,"Green Krejberg, Jannick","SCM, GK",0,-,1,25%,3,75%,0,-,0,0%,0,0%
711,"Asheim, Havard","NLB, GK",0,0%,1,25%,0,-,2,50%,0,0%,0,-
712,"Milosavljev, Dejan","BER, GK",0,0%,2,25%,3,60%,1,33.33%,0,0%,0,0%
713,"Bitter, Johannes","HSV, GK",0,0%,1,14.29%,1,16.67%,0,0%,1,16.67%,0,0%
714,"Ludwig, Lasse","BER, GK",0,0%,1,33.33%,0,-,0,0%,1,33.33%,0,0%
715,"Vortmann, Jens","HSV, GK",0,0%,0,0%,0,0%,0,-,1,50%,0,0%
716,"Rudeck, Christopher","BHC, GK",1,20%,6,46.15%,1,25%,3,60%,3,37.5%,1,33.33%
717,"Landin Jacobsen, Niklas","THW, GK",0,0%,4,66.67%,1,25%,0,0%,1,12.5%,0,-
718,"Quenstedt, Dario","THW, GK",0,-,1,33.33%,0,0%,0,0%,1,33.33%,0,0%
719,"Mrkva, Tomas","BHC, GK",0,-,0,-,0,-,0,-,0,-,0,-
720,"Klama, Joonas","BHC, GK",0,-,0,-,0,-,0,-,0,-,0,-
721,"Saggau, Philip Hartwig","THW, GK",0,-,0,-,0,-,0,-,0,-,0,-
722,"Kastelic, Urh","FAG, GK",0,0%,5,41.67%,5,45.45%,0,0%,0,0%,0,0%
723,"Klimpke, Till","WET, GK",0,0%,1,16.67%,1,16.67%,1,14.29%,1,25%,0,0%
724,"Rebmann, Daniel","FAG, GK",0,0%,0,-,0,-,0,-,0,-,0,-
725,"Suljakovic, Anadin","WET, GK",0,0%,0,0%,0,0%,0,0%,0,-,0,0%
726,"Saeveraas, Kristian Skinstad","LEI, GK",2,50%,3,42.86%,3,50%,4,44.44%,1,20%,0,0%
727,"Semisch, Malte","GWD, GK",1,25%,3,60%,4,40%,2,20%,0,0%,0,0%
728,"Lichtlein, Carsten","GWD, GK",0,0%,1,100%,1,100%,1,100%,0,-,0,-
729,"El-Tayar, Mohamed Essam Moustafa","LEI, GK",1,50%,0,-,0,-,0,-,0,-,0,-
730,"Jensen, Mike","SCM, GK",0,0%,1,25%,2,25%,2,66.67%,1,33.33%,0,0%
731,"Rebmann, Daniel","FAG, GK",0,0%,0,0%,3,75%,1,20%,0,0%,0,0%
732,"Kastelic, Urh","FAG, GK",1,100%,0,0%,0,0%,0,0%,1,33.33%,0,0%
733,"Green Krejberg, Jannick","SCM, GK",0,0%,0,0%,0,0%,0,0%,0,0%,0,0%
734,"Simic, Nebojsa","MTM, GK",0,0%,4,50%,6,60%,4,50%,1,25%,1,25%
735,"Semisch, Malte","GWD, GK",1,33.33%,1,7.69%,7,77.78%,4,33.33%,0,-,0,0%
736,"Heinevetter, Silvio","MTM, GK",0,0%,0,-,0,-,0,-,0,-,0,-
737,"Lichtlein, Carsten","GWD, GK",0,0%,0,-,0,-,0,-,0,-,0,-
738,"Møller, Kevin","SGF, GK",0,0%,5,38.46%,6,50%,0,0%,1,25%,0,0%
739,"Ziemer, Martin","HCE, GK",0,0%,1,33.33%,0,0%,1,50%,0,0%,0,0%
740,"Ferlin, Klemen","HCE, GK",0,0%,0,0%,1,50%,0,0%,0,0%,0,-
741,"Sonne-Hansen, Kim","HCE, GK",0,0%,0,-,0,0%,0,-,0,-,0,0%
742,"Buric, Benjamin","SGF, GK",0,-,0,-,0,-,0,-,0,-,0,-
743,"Landin Jacobsen, Niklas","THW, GK",1,14.29%,4,30.77%,2,100%,2,28.57%,1,20%,0,0%
744,"Ebner, Domenico","HAN, GK",0,0%,2,25%,2,50%,1,50%,2,33.33%,0,0%
745,"Lesjak, Urban","HAN, GK",0,0%,0,0%,0,0%,0,0%,0,-,0,0%
746,"Saggau, Philip Hartwig","THW, GK",0,-,0,-,0,-,0,-,0,-,0,-
747,"Milosavljev, Dejan","BER, GK",0,0%,4,50%,8,50%,2,33.33%,1,50%,1,20%
748,"Thulin, Tobias","TVB, GK",1,33.33%,1,20%,2,50%,2,66.67%,1,20%,0,0%
749,"Vujovic, Miljan","TVB, GK",0,0%,2,28.57%,0,0%,0,0%,1,50%,0,0%
750,"Genz, Fredrik","BER, GK",0,-,0,-,0,-,0,-,0,-,0,-
751,"Bitter, Johannes","HSV, GK",0,0%,2,22.22%,3,60%,3,37.5%,0,0%,1,20%
752,"Klimpke, Till","WET, GK",1,25%,1,20%,4,36.36%,0,0%,2,40%,1,20%
753,"Vortmann, Jens","HSV, GK",1,33.33%,0,-,0,-,0,-,0,-,0,-
754,"Suljakovic, Anadin","WET, GK",0,0%,0,-,0,-,0,-,0,-,0,-
755,"Mrkva, Tomas","BHC, GK",0,0%,2,50%,7,43.75%,0,0%,0,0%,1,33.33%
756,"Zecher, Finn","TBV, GK",0,0%,0,0%,3,50%,0,0%,2,40%,0,0%
757,"Johannesson, Peter","TBV, GK",0,-,0,0%,2,33.33%,1,50%,0,0%,0,0%
758,"Klama, Joonas","BHC, GK",0,-,0,-,0,-,0,-,0,-,0,-
759,"Heinevetter, Silvio","MTM, GK",0,0%,2,50%,4,44.44%,2,50%,4,40%,1,16.67%
760,"Saeveraas, Kristian Skinstad","LEI, GK",0,0%,0,0%,5,50%,1,25%,0,0%,1,50%
761,"El-Tayar, Mohamed Essam Moustafa","LEI, GK",2,100%,2,40%,0,0%,0,0%,0,-,0,-
762,"Simic, Nebojsa","MTM, GK",0,-,0,-,0,-,0,-,0,-,0,-
763,"Mrkva, Tomas","BHC, GK",0,0%,4,33.33%,3,27.27%,3,37.5%,1,33.33%,1,25%
764,"Pesic, Ivan","TVB, GK",0,0%,2,20%,3,42.86%,1,14.29%,0,0%,0,-
765,"Rudeck, Christopher","BHC, GK",0,-,0,-,0,-,0,-,0,-,0,-
766,"Thulin, Tobias","TVB, GK",0,-,0,0%,0,-,0,0%,0,-,0,0%
767,"Vujovic, Miljan","TVB, GK",0,-,0,-,0,-,0,-,0,-,0,-
768,"Klama, Joonas","BHC, GK",0,-,0,-,0,-,0,-,0,-,0,-
769,"Green Krejberg, Jannick","SCM, GK",0,0%,2,16.67%,3,75%,0,0%,1,50%,1,14.29%
770,"Jensen, Mike","SCM, GK",0,0%,2,66.67%,1,50%,0,0%,2,100%,1,100%
771,"Johannesson, Peter","TBV, GK",0,0%,1,20%,2,50%,1,25%,0,0%,0,0%
772,"Zecher, Finn","TBV, GK",0,0%,1,16.67%,2,28.57%,0,0%,0,0%,0,0%
773,"Landin Jacobsen, Niklas","THW, GK",0,0%,1,25%,2,40%,1,20%,6,60%,0,-
774,"Ziemer, Martin","HCE, GK",0,0%,1,33.33%,3,33.33%,1,100%,0,0%,0,0%
775,"Ferlin, Klemen","HCE, GK",1,33.33%,1,16.67%,1,33.33%,0,0%,0,0%,0,0%
776,"Quenstedt, Dario","THW, GK",0,-,1,50%,1,33.33%,0,0%,0,0%,0,-
777,"Semisch, Malte","GWD, GK",3,33.33%,2,50%,5,38.46%,1,14.29%,0,0%,0,0%
778,"Buric, Benjamin","SGF, GK",1,50%,1,25%,2,22.22%,0,0%,0,-,0,-
779,"Møller, Kevin","SGF, GK",0,0%,0,0%,3,25%,0,0%,0,-,0,0%
780,"Lichtlein, Carsten","GWD, GK",0,-,0,-,0,-,0,0%,0,-,0,-
781,"Klimpke, Till","WET, GK",0,0%,4,26.67%,6,100%,1,16.67%,2,33.33%,1,25%
782,"Birlehm, Joel","RNL, GK",0,0%,0,0%,2,33.33%,0,0%,0,0%,1,25%
783,"Katsigiannis, Nikolas","RNL, GK",0,-,0,0%,0,0%,1,33.33%,1,100%,0,0%
784,"Suljakovic, Anadin","WET, GK",0,-,0,-,0,-,0,-,0,-,0,-
785,"Milosavljev, Dejan","BER, GK",0,0%,1,8.33%,2,50%,1,25%,1,20%,0,0%
786,"Asheim, Havard","NLB, GK",0,0%,1,20%,2,28.57%,1,33.33%,0,0%,0,0%
787,"Rezar, Aljosa","NLB, GK",0,0%,0,0%,2,33.33%,0,0%,0,0%,0,-
788,"Genz, Fredrik","BER, GK",1,100%,0,0%,0,0%,1,100%,0,-,0,-
789,"Zecher, Finn","TBV, GK",0,0%,6,30%,4,100%,0,0%,0,0%,0,0%
790,"Lesjak, Urban","HAN, GK",0,0%,3,23.08%,1,50%,2,28.57%,1,50%,0,0%
791,"Johannesson, Peter","TBV, GK",0,-,1,33.33%,1,100%,0,-,0,-,0,-
792,"Ebner, Domenico","HAN, GK",0,-,0,0%,0,-,0,-,0,0%,0,-
793,"Simic, Nebojsa","MTM, GK",1,33.33%,1,14.29%,8,57.14%,0,0%,2,28.57%,0,0%
794,"Bitter, Johannes","HSV, GK",0,0%,3,30%,2,40%,0,0%,1,100%,0,0%
795,"Vortmann, Jens","HSV, GK",0,0%,0,0%,2,33.33%,0,0%,0,0%,0,-
796,"Heinevetter, Silvio","MTM, GK",0,-,0,-,0,-,0,-,0,-,0,-
797,"Pesic, Ivan","TVB, GK",0,0%,5,27.78%,5,83.33%,2,33.33%,1,14.29%,0,-
798,"Klimpke, Till","WET, GK",0,0%,4,33.33%,4,57.14%,2,28.57%,1,33.33%,0,0%
799,"Suljakovic, Anadin","WET, GK",1,50%,0,0%,2,50%,0,-,0,0%,0,-
800,"Vujovic, Miljan","TVB, GK",0,-,0,-,0,-,0,-,0,-,0,-
801,"Semisch, Malte","GWD, GK",2,50%,4,30.77%,4,50%,0,0%,0,0%,1,50%
802,"Birlehm, Joel","RNL, GK",2,40%,4,33.33%,2,25%,0,0%,0,0%,1,20%
803,"Lichtlein, Carsten","GWD, GK",0,0%,0,0%,1,50%,0,0%,0,-,0,0%
804,"Katsigiannis, Nikolas","RNL, GK",1,33.33%,0,-,0,-,0,-,0,-,0,-
805,"Jensen, Mike","SCM, GK",0,0%,3,37.5%,5,71.43%,0,0%,1,25%,0,0%
806,"Mrkva, Tomas","BHC, GK",0,0%,3,60%,1,20%,0,0%,0,0%,1,50%
807,"Rudeck, Christopher","BHC, GK",1,20%,2,25%,2,25%,0,0%,0,0%,0,0%
808,"Green Krejberg, Jannick","SCM, GK",0,-,0,0%,0,0%,2,40%,0,-,0,-
809,"Møller, Kevin","SGF, GK",0,0%,4,36.36%,9,60%,0,0%,2,40%,0,0%
810,"Saeveraas, Kristian Skinstad","LEI, GK",1,50%,2,28.57%,1,14.29%,1,25%,5,45.45%,1,25%
811,"Buric, Benjamin","SGF, GK",0,-,0,-,0,-,0,-,0,-,0,-
812,"El-Tayar, Mohamed Essam Moustafa","LEI, GK",0,-,0,-,0,-,0,-,0,-,0,-
813,"Ziemer, Martin","HCE, GK",2,50%,4,33.33%,4,57.14%,2,33.33%,0,0%,0,-
814,"Asheim, Havard","NLB, GK",1,100%,1,33.33%,4,44.44%,4,44.44%,0,0%,0,0%
815,"Rezar, Aljosa","NLB, GK",0,0%,0,-,0,-,0,-,0,-,0,-
816,"Sonne-Hansen, Kim","HCE, GK",0,-,0,-,0,0%,0,0%,0,-,0,-
817,"Ruminsky, Mario","HBW, GK",3,50%,1,16.67%,5,55.56%,1,25%,2,33.33%,0,0%
818,"Quenstedt, Dario","THW, GK",2,40%,1,25%,2,40%,2,20%,1,25%,0,0%
819,"Sejr Jensen, Simon","HBW, GK",0,0%,0,0%,1,33.33%,1,50%,0,0%,0,-
820,"Saggau, Philip Hartwig","THW, GK",0,0%,0,0%,0,0%,0,-,1,100%,0,-
821,"Ebner, Domenico","HAN, GK",0,-,7,41.18%,2,40%,3,37.5%,4,44.44%,0,0%
822,"Rudeck, Christopher","BHC, GK",0,0%,2,25%,1,50%,2,66.67%,1,33.33%,1,100%
823,"Mrkva, Tomas","BHC, GK",0,0%,2,33.33%,0,0%,0,0%,0,0%,0,-
824,"Lesjak, Urban","HAN, GK",0,-,0,-,0,-,0,-,0,-,0,-
825,"Asheim, Havard","NLB, GK",1,50%,3,25%,2,33.33%,3,42.86%,1,50%,1,33.33%
826,"Semisch, Malte","GWD, GK",0,0%,0,0%,4,66.67%,3,30%,1,33.33%,0,-
827,"Lichtlein, Carsten","GWD, GK",0,-,0,-,0,-,0,-,0,-,0,-
828,"Rezar, Aljosa","NLB, GK",0,-,0,-,0,-,0,-,0,-,0,-
829,"Ziemer, Martin","HCE, GK",0,0%,4,40%,1,50%,0,0%,3,60%,0,-
830,"Bitter, Johannes","HSV, GK",2,50%,2,25%,1,33.33%,0,0%,1,33.33%,0,0%
831,"Vortmann, Jens","HSV, GK",1,33.33%,3,33.33%,0,0%,1,100%,0,0%,0,0%
832,"Ferlin, Klemen","HCE, GK",0,0%,3,50%,0,0%,0,0%,0,0%,0,0%
833,"Saeveraas, Kristian Skinstad","LEI, GK",0,0%,2,50%,2,40%,1,25%,0,0%,0,0%
834,"Rebmann, Daniel","FAG, GK",0,0%,2,22.22%,0,0%,1,20%,0,0%,0,0%
835,"Kastelic, Urh","FAG, GK",0,0%,1,25%,2,50%,0,0%,0,0%,0,-
836,"El-Tayar, Mohamed Essam Moustafa","LEI, GK",0,0%,1,33.33%,2,50%,0,0%,0,0%,0,0%
837,"Milosavljev, Dejan","BER, GK",1,20%,3,37.5%,6,40%,0,0%,2,40%,0,0%
838,"Quenstedt, Dario","THW, GK",0,0%,0,0%,7,46.67%,1,16.67%,0,0%,0,0%
839,"Saggau, Philip Hartwig","THW, GK",0,-,0,0%,2,40%,0,-,1,100%,0,0%
840,"Genz, Fredrik","BER, GK",0,-,0,-,0,-,0,-,0,-,0,-
841,"Buric, Benjamin","SGF, GK",0,0%,3,37.5%,8,50%,3,60%,3,50%,0,0%
842,"Ruminsky, Mario","HBW, GK",0,0%,1,25%,5,35.71%,3,30%,1,20%,0,0%
843,"Møller, Kevin","SGF, GK",0,-,0,-,0,-,0,-,0,-,0,-
844,"Sejr Jensen, Simon","HBW, GK",0,0%,0,0%,0,0%,0,-,0,-,0,0%
845,"Simic, Nebojsa","MTM, GK",1,25%,4,26.67%,2,50%,1,25%,1,14.29%,1,33.33%
846,"Birlehm, Joel","RNL, GK",0,0%,4,33.33%,4,66.67%,1,14.29%,1,50%,0,0%
847,"Heinevetter, Silvio","MTM, GK",0,-,0,-,0,-,0,-,0,-,0,-
848,"Katsigiannis, Nikolas","RNL, GK",0,0%,0,-,0,-,0,-,0,-,0,-
849,"Appelgren, Mikael","RNL, GK",0,0%,0,-,0,-,0,-,0,-,0,-
850,"Johannesson, Peter","TBV, GK",0,0%,2,28.57%,6,60%,1,16.67%,0,0%,0,0%
851,"Klimpke, Till","WET, GK",0,0%,1,12.5%,3,50%,2,33.33%,0,0%,1,33.33%
852,"Suljakovic, Anadin","WET, GK",0,-,2,66.67%,1,50%,1,33.33%,0,0%,0,0%
853,"Zecher, Finn","TBV, GK",0,-,0,-,0,-,0,-,0,-,0,-
854,"Pesic, Ivan","TVB, GK",1,25%,1,14.29%,2,40%,1,50%,0,-,0,0%
855,"Green Krejberg, Jannick","SCM, GK",0,-,0,0%,2,50%,0,0%,1,33.33%,0,0%
856,"Vujovic, Miljan","TVB, GK",1,20%,1,20%,1,100%,0,0%,0,0%,0,-
857,"Jensen, Mike","SCM, GK",0,0%,0,0%,3,60%,0,-,0,0%,0,-
858,"Ebner, Domenico","HAN, GK",1,25%,5,33.33%,2,50%,1,50%,0,0%,0,0%
859,"Pesic, Ivan","TVB, GK",1,100%,1,9.09%,0,0%,3,60%,2,40%,1,25%
860,"Vujovic, Miljan","TVB, GK",0,-,0,0%,1,50%,0,-,0,0%,0,0%
861,"Lesjak, Urban","HAN, GK",0,0%,0,-,0,-,0,-,0,-,0,-
862,"Milosavljev, Dejan","BER, GK",2,66.67%,1,8.33%,4,80%,3,27.27%,3,75%,1,33.33%
863,"Zecher, Finn","TBV, GK",0,0%,2,18.18%,2,50%,0,0%,2,33.33%,0,0%
864,"Johannesson, Peter","TBV, GK",0,-,0,0%,0,0%,0,0%,1,50%,0,0%
865,"Genz, Fredrik","BER, GK",0,-,0,-,0,-,0,-,0,-,0,-
866,"Ferlin, Klemen","HCE, GK",1,33.33%,3,42.86%,4,44.44%,1,12.5%,0,0%,2,40%
867,"Rebmann, Daniel","FAG, GK",0,0%,3,42.86%,4,50%,2,40%,0,0%,1,33.33%
868,"Kastelic, Urh","FAG, GK",1,50%,0,-,0,-,0,-,0,-,0,-
869,"Ziemer, Martin","HCE, GK",0,-,0,-,0,-,0,-,0,-,0,-
870,"Birlehm, Joel","RNL, GK",0,0%,1,20%,8,80%,2,33.33%,1,50%,1,33.33%
871,"Sejr Jensen, Simon","HBW, GK",1,33.33%,1,25%,1,33.33%,1,14.29%,1,25%,0,0%
872,"Appelgren, Mikael","RNL, GK",0,0%,0,0%,2,66.67%,0,-,0,0%,2,50%
873,"Ruminsky, Mario","HBW, GK",1,33.33%,1,100%,0,0%,0,0%,0,0%,0,-
874,"Rudeck, Christopher","BHC, GK",0,0%,10,62.5%,3,37.5%,0,0%,2,33.33%,2,50%
875,"Klimpke, Till","WET, GK",1,33.33%,2,20%,5,83.33%,2,40%,0,0%,0,0%
876,"Suljakovic, Anadin","WET, GK",0,-,0,0%,2,66.67%,0,-,0,0%,0,-
877,"Mrkva, Tomas","BHC, GK",0,-,0,-,0,-,0,-,0,-,0,-
878,"Landin Jacobsen, Niklas","THW, GK",3,60%,2,22.22%,2,33.33%,3,33.33%,0,0%,0,-
879,"Green Krejberg, Jannick","SCM, GK",0,0%,1,16.67%,2,22.22%,3,50%,0,0%,0,0%
880,"Jensen, Mike","SCM, GK",0,0%,1,50%,0,0%,2,66.67%,0,0%,0,0%
881,"Quenstedt, Dario","THW, GK",0,0%,0,0%,0,0%,0,-,0,-,0,-
882,"Buric, Benjamin","SGF, GK",0,0%,3,33.33%,3,25%,2,50%,0,0%,1,50%
883,"Heinevetter, Silvio","MTM, GK",0,0%,1,20%,2,28.57%,1,33.33%,0,0%,0,0%
884,"Møller, Kevin","SGF, GK",0,0%,1,100%,1,50%,1,100%,1,33.33%,0,-
885,"Simic, Nebojsa","MTM, GK",1,100%,0,0%,2,40%,0,-,0,0%,0,0%
886,"El-Tayar, Mohamed Essam Moustafa","LEI, GK",0,0%,2,28.57%,6,46.15%,3,50%,2,33.33%,0,0%
887,"Rezar, Aljosa","NLB, GK",1,50%,0,0%,3,60%,0,0%,0,0%,0,0%
888,"Asheim, Havard","NLB, GK",0,0%,1,50%,2,25%,0,0%,0,0%,0,0%
889,"Saeveraas, Kristian Skinstad","LEI, GK",0,-,0,-,0,-,0,-,0,-,0,-
890,"Vortmann, Jens","HSV, GK",0,0%,4,33.33%,3,75%,2,28.57%,1,25%,1,20%
891,"Semisch, Malte","GWD, GK",0,0%,1,20%,5,71.43%,0,0%,1,20%,1,16.67%
892,"Bitter, Johannes","HSV, GK",0,-,0,-,0,-,0,-,0,-,0,-
893,"Lichtlein, Carsten","GWD, GK",0,0%,0,-,0,-,0,-,0,-,0,-
894,"Green Krejberg, Jannick","SCM, GK",3,60%,1,14.29%,4,36.36%,3,42.86%,2,50%,0,0%
895,"Lesjak, Urban","HAN, GK",1,25%,2,33.33%,2,25%,3,50%,0,0%,0,0%
896,"Ebner, Domenico","HAN, GK",0,0%,0,0%,0,-,2,50%,0,-,0,-
897,"Jensen, Mike","SCM, GK",0,-,0,-,0,-,0,-,0,-,0,-
898,"Ferlin, Klemen","HCE, GK",1,25%,4,40%,3,37.5%,1,16.67%,0,0%,0,0%
899,"Pesic, Ivan","TVB, GK",0,0%,1,12.5%,2,100%,0,0%,1,20%,1,50%
900,"Ziemer, Martin","HCE, GK",2,66.67%,0,0%,1,25%,0,0%,0,0%,0,-
901,"Thulin, Tobias","TVB, GK",0,0%,0,0%,1,33.33%,0,0%,1,33.33%,0,0%
902,"Milosavljev, Dejan","BER, GK",0,-,7,58.33%,3,30%,2,33.33%,0,0%,0,0%
903,"Rudeck, Christopher","BHC, GK",0,0%,0,0%,3,50%,2,100%,3,37.5%,0,0%
904,"Mrkva, Tomas","BHC, GK",0,0%,0,0%,0,-,0,0%,0,0%,0,-
905,"Genz, Fredrik","BER, GK",0,-,0,-,0,-,0,-,0,-,0,-
906,"Møller, Kevin","SGF, GK",1,33.33%,8,61.54%,10,58.82%,4,40%,2,33.33%,0,0%
907,"Birlehm, Joel","RNL, GK",0,0%,3,37.5%,2,66.67%,2,28.57%,1,14.29%,0,0%
908,"Appelgren, Mikael","RNL, GK",0,0%,2,100%,0,0%,0,0%,0,0%,0,0%
909,"Katsigiannis, Nikolas","RNL, GK",0,-,0,-,0,-,0,-,0,-,0,-
910,"Buric, Benjamin","SGF, GK",0,-,0,-,0,-,0,-,0,-,0,-
911,"Semisch, Malte","GWD, GK",1,100%,4,23.53%,9,100%,4,50%,2,66.67%,2,50%
912,"Johannesson, Peter","TBV, GK",0,0%,0,0%,5,50%,2,40%,0,0%,2,33.33%
913,"Lichtlein, Carsten","GWD, GK",0,-,0,-,0,-,0,-,0,-,0,-
914,"Zecher, Finn","TBV, GK",0,0%,0,0%,0,0%,0,0%,0,0%,0,0%
915,"Ruminsky, Mario","HBW, GK",0,0%,2,20%,3,50%,4,66.67%,1,25%,0,0%
916,"Kastelic, Urh","FAG, GK",0,0%,2,18.18%,3,60%,0,-,0,0%,0,-
917,"Rebmann, Daniel","FAG, GK",0,0%,1,33.33%,0,0%,0,0%,0,0%,0,-
918,"Sejr Jensen, Simon","HBW, GK",0,-,0,0%,0,0%,0,0%,0,0%,0,-
919,"Simic, Nebojsa","MTM, GK",1,50%,1,20%,8,44.44%,1,25%,1,20%,0,0%
920,"Rezar, Aljosa","NLB, GK",2,50%,1,50%,3,23.08%,1,33.33%,0,0%,0,0%
921,"Asheim, Havard","NLB, GK",0,0%,0,-,1,33.33%,0,0%,0,0%,0,0%
922,"Heinevetter, Silvio","MTM, GK",0,-,0,-,0,-,0,-,0,-,0,-
923,"Bitter, Johannes","HSV, GK",0,0%,3,23.08%,3,100%,3,50%,0,0%,0,0%
924,"Saeveraas, Kristian Skinstad","LEI, GK",0,0%,3,27.27%,2,50%,1,50%,1,20%,0,-
925,"El-Tayar, Mohamed Essam Moustafa","LEI, GK",0,0%,1,100%,1,25%,0,-,0,0%,0,-
926,"Vortmann, Jens","HSV, GK",0,0%,0,0%,0,0%,0,0%,0,-,0,-
927,"Landin Jacobsen, Niklas","THW, GK",0,0%,1,20%,15,68.18%,2,66.67%,1,25%,2,66.67%
928,"Klimpke, Till","WET, GK",0,0%,1,33.33%,5,41.67%,2,28.57%,0,0%,2,33.33%
929,"Quenstedt, Dario","THW, GK",0,-,0,0%,1,50%,0,0%,0,-,0,-
930,"Komok, Gennadiy","WET, GK",0,0%,0,-,0,-,0,-,0,-,0,-
931,"Bitter, Johannes","HSV, GK",1,25%,3,20%,6,75%,2,33.33%,1,33.33%,1,25%
932,"Katsigiannis, Nikolas","RNL, GK",0,0%,2,15.38%,3,100%,0,0%,0,0%,0,0%
933,"Birlehm, Joel","RNL, GK",0,0%,1,20%,1,100%,0,0%,0,0%,0,0%
934,"Vortmann, Jens","HSV, GK",0,0%,0,-,0,-,0,-,0,-,0,-
935,"Appelgren, Mikael","RNL, GK",0,0%,0,-,0,0%,0,0%,0,0%,0,0%
936,"Rebmann, Daniel","FAG, GK",3,60%,7,50%,6,46.15%,1,50%,1,14.29%,0,0%
937,"Simic, Nebojsa","MTM, GK",0,0%,4,33.33%,4,40%,3,75%,2,40%,1,33.33%
938,"Heinevetter, Silvio","MTM, GK",0,0%,0,-,0,-,0,-,0,-,0,-
939,"Kastelic, Urh","FAG, GK",0,-,0,-,0,-,0,-,0,-,0,-
940,"Saeveraas, Kristian Skinstad","LEI, GK",2,50%,2,22.22%,4,40%,2,33.33%,2,50%,1,25%
941,"Johannesson, Peter","TBV, GK",0,0%,2,50%,1,20%,1,100%,0,0%,1,50%
942,"Zecher, Finn","TBV, GK",0,-,2,28.57%,1,25%,0,0%,2,40%,0,0%
943,"El-Tayar, Mohamed Essam Moustafa","LEI, GK",0,0%,0,-,0,-,0,-,0,-,0,-
944,"Ferlin, Klemen","HCE, GK",0,0%,4,40%,8,53.33%,2,28.57%,0,0%,0,-
945,"Rudeck, Christopher","BHC, GK",0,0%,2,25%,1,16.67%,0,0%,0,0%,2,40%
946,"Mrkva, Tomas","BHC, GK",0,0%,2,50%,0,0%,0,0%,1,25%,0,-
947,"Ziemer, Martin","HCE, GK",0,-,0,-,0,-,0,-,0,-,0,-
948,"Pesic, Ivan","TVB, GK",2,100%,0,0%,8,53.33%,0,0%,1,50%,1,25%
949,"Ruminsky, Mario","HBW, GK",0,0%,0,0%,6,54.55%,2,28.57%,1,25%,1,50%
950,"Thulin, Tobias","TVB, GK",0,-,0,-,0,-,0,-,0,-,0,-
951,"Sejr Jensen, Simon","HBW, GK",0,0%,0,-,0,-,0,-,0,-,0,-
952,"Klimpke, Till","WET, GK",0,0%,6,40%,1,50%,0,0%,2,33.33%,0,0%
953,"Jensen, Mike","SCM, GK",0,0%,1,33.33%,1,33.33%,0,0%,3,42.86%,0,0%
954,"Komok, Gennadiy","WET, GK",2,40%,0,0%,0,0%,0,-,1,100%,0,0%
955,"Green Krejberg, Jannick","SCM, GK",0,0%,1,16.67%,1,33.33%,0,0%,0,0%,0,-
956,"Møller, Kevin","SGF, GK",0,0%,6,85.71%,9,52.94%,1,25%,0,0%,1,100%
957,"Asheim, Havard","NLB, GK",0,0%,1,20%,1,25%,4,57.14%,0,0%,0,0%
958,"Rezar, Aljosa","NLB, GK",0,0%,0,0%,1,100%,1,33.33%,0,0%,1,33.33%
959,"Buric, Benjamin","SGF, GK",0,-,0,-,0,-,0,-,0,-,0,-
960,"Ebner, Domenico","HAN, GK",0,0%,4,25%,1,100%,0,0%,0,0%,1,33.33%
961,"Milosavljev, Dejan","BER, GK",0,0%,2,50%,2,28.57%,0,0%,1,12.5%,0,0%
962,"Lesjak, Urban","HAN, GK",0,0%,0,0%,1,100%,0,-,0,0%,0,-
963,"Genz, Fredrik","BER, GK",0,0%,0,-,0,0%,0,0%,0,0%,0,-
964,"Semisch, Malte","GWD, GK",0,0%,2,18.18%,5,55.56%,2,40%,0,0%,0,0%
965,"Landin Jacobsen, Niklas","THW, GK",1,50%,0,0%,2,66.67%,2,50%,1,33.33%,0,0%
966,"Lichtlein, Carsten","GWD, GK",1,33.33%,0,0%,0,-,0,0%,0,-,0,0%
967,"Quenstedt, Dario","THW, GK",0,-,0,-,0,-,0,-,0,-,0,-
968,"Semisch, Malte","GWD, GK",1,16.67%,0,0%,3,60%,6,54.55%,2,33.33%,1,14.29%
969,"Rebmann, Daniel","FAG, GK",0,0%,4,28.57%,1,33.33%,3,42.86%,1,50%,2,66.67%
970,"Lichtlein, Carsten","GWD, GK",0,-,0,-,0,-,0,-,0,-,0,-
971,"Kastelic, Urh","FAG, GK",0,0%,0,-,0,-,0,-,0,-,0,-
972,"Rudeck, Christopher","BHC, GK",0,-,3,27.27%,7,53.85%,0,0%,1,14.29%,0,-
973,"Sejr Jensen, Simon","HBW, GK",0,0%,1,33.33%,2,40%,1,20%,3,50%,0,0%
974,"Ruminsky, Mario","HBW, GK",0,0%,1,14.29%,1,33.33%,0,0%,0,0%,0,0%
975,"Mrkva, Tomas","BHC, GK",0,-,0,-,0,-,0,-,0,-,0,-
976,"Sonne-Hansen, Kim","HCE, GK",0,0%,6,54.55%,3,42.86%,2,33.33%,1,50%,1,100%
977,"Johannesson, Peter","TBV, GK",0,0%,0,0%,3,60%,2,50%,0,0%,0,0%
978,"Zecher, Finn","TBV, GK",1,33.33%,2,40%,0,0%,1,50%,1,33.33%,0,0%
979,"Ferlin, Klemen","HCE, GK",0,-,0,-,0,0%,0,0%,1,50%,1,25%
980,"Buric, Benjamin","SGF, GK",0,0%,1,50%,8,40%,0,0%,0,0%,0,-
981,"Bitter, Johannes","HSV, GK",0,0%,1,100%,1,11.11%,2,66.67%,0,0%,0,0%
982,"Vortmann, Jens","HSV, GK",0,-,0,0%,1,14.29%,0,0%,0,0%,1,33.33%
983,"Møller, Kevin","SGF, GK",0,-,0,0%,2,66.67%,0,0%,0,-,0,-
984,"Milosavljev, Dejan","BER, GK",2,40%,5,45.45%,3,37.5%,4,36.36%,2,28.57%,0,0%
985,"Green Krejberg, Jannick","SCM, GK",0,0%,0,0%,7,77.78%,3,33.33%,1,16.67%,1,50%
986,"Genz, Fredrik","BER, GK",0,-,0,-,0,-,0,-,0,-,0,-
987,"Jensen, Mike","SCM, GK",0,0%,0,-,0,-,0,-,0,-,0,-
988,"Heinevetter, Silvio","MTM, GK",2,33.33%,1,14.29%,6,50%,0,0%,0,0%,0,0%
989,"Landin Jacobsen, Niklas","THW, GK",0,0%,1,16.67%,3,21.43%,3,60%,1,50%,0,-
990,"Quenstedt, Dario","THW, GK",0,0%,0,-,1,100%,0,0%,0,0%,0,-
991,"Simic, Nebojsa","MTM, GK",0,-,0,-,0,0%,0,-,0,0%,0,-
992,"Lesjak, Urban","HAN, GK",0,0%,5,55.56%,1,14.29%,3,50%,1,16.67%,2,66.67%
993,"Klimpke, Till","WET, GK",0,0%,3,25%,0,-,4,50%,2,50%,1,20%
994,"Ebner, Domenico","HAN, GK",0,0%,0,0%,0,0%,0,0%,0,-,0,0%
995,"Komok, Gennadiy","WET, GK",0,-,0,-,0,-,0,-,0,-,0,-
996,"Pesic, Ivan","TVB, GK",0,0%,0,0%,11,68.75%,1,25%,2,25%,0,0%
997,"El-Tayar, Mohamed Essam Moustafa","LEI, GK",1,25%,0,0%,4,44.44%,1,25%,2,40%,0,0%
998,"Saeveraas, Kristian Skinstad","LEI, GK",0,0%,1,50%,0,0%,0,-,0,0%,0,-
999,"Thulin, Tobias","TVB, GK",0,-,0,-,0,-,0,-,0,-,0,-
1000,"Vujovic, Miljan","TVB, GK",0,-,0,-,0,-,0,-,0,-,0,-
1001,"Appelgren, Mikael","RNL, GK",0,0%,1,20%,5,83.33%,1,33.33%,1,16.67%,0,0%
1002,"Rezar, Aljosa","NLB, GK",1,33.33%,0,0%,2,25%,4,50%,0,0%,0,0%
1003,"Birlehm, Joel","RNL, GK",0,-,1,25%,2,100%,1,100%,0,-,0,0%
1004,"Katsigiannis, Nikolas","RNL, GK",0,-,0,-,0,-,0,-,0,-,0,-
1005,"Asheim, Havard","NLB, GK",0,-,0,0%,0,0%,0,0%,0,0%,0,0%
1006,"Møller, Kevin","SGF, GK",0,0%,3,30%,9,60%,2,100%,0,0%,3,60%
1007,"Rebmann, Daniel","FAG, GK",0,0%,1,16.67%,4,44.44%,0,0%,2,28.57%,2,40%
1008,"Klein, Sebastian","FAG, GK",0,0%,0,-,1,100%,0,-,0,-,0,-
1009,"Buric, Benjamin","SGF, GK",0,-,0,-,0,-,0,-,0,-,0,-
1010,"Backhaus, Theodor Felix","SGF, GK",0,-,0,-,0,0%,0,-,0,0%,0,-
1011,"Lesjak, Urban","HAN, GK",0,0%,5,41.67%,4,44.44%,2,40%,0,0%,0,0%
1012,"Simic, Nebojsa","MTM, GK",2,50%,1,14.29%,2,50%,1,50%,0,0%,0,0%
1013,"Heinevetter, Silvio","MTM, GK",0,-,2,40%,1,25%,0,0%,0,0%,0,0%
1014,"Ebner, Domenico","HAN, GK",0,-,0,-,0,-,0,-,0,-,0,-
1015,"Landin Jacobsen, Niklas","THW, GK",0,0%,1,33.33%,3,60%,2,33.33%,0,0%,0,-
1016,"El-Tayar, Mohamed Essam Moustafa","LEI, GK",0,0%,1,20%,0,0%,0,0%,2,66.67%,0,0%
1017,"Saeveraas, Kristian Skinstad","LEI, GK",0,0%,1,50%,1,12.5%,0,0%,0,0%,0,0%
1018,"Quenstedt, Dario","THW, GK",0,-,0,0%,0,0%,0,-,0,-,0,-
1019,"Milosavljev, Dejan","BER, GK",0,-,8,42.11%,1,16.67%,4,36.36%,1,50%,1,20%
1020,"Klimpke, Till","WET, GK",0,-,5,50%,3,50%,1,12.5%,0,0%,0,0%
1021,"Komok, Gennadiy","WET, GK",0,0%,0,0%,0,-,2,66.67%,0,0%,0,0%
1022,"Genz, Fredrik","BER, GK",0,-,0,-,0,-,0,-,0,-,0,-
1023,"Green Krejberg, Jannick","SCM, GK",2,50%,1,20%,1,16.67%,1,14.29%,0,0%,2,33.33%
1024,"Ziemer, Martin","HCE, GK",0,0%,2,22.22%,1,16.67%,2,25%,1,12.5%,0,-
1025,"Sonne-Hansen, Kim","HCE, GK",0,0%,1,25%,0,0%,0,0%,0,0%,0,-
1026,"Jensen, Mike","SCM, GK",0,0%,0,0%,1,50%,0,0%,0,0%,0,-
1027,"Pesic, Ivan","TVB, GK",0,0%,4,20%,1,50%,3,50%,2,66.67%,2,40%
1028,"Semisch, Malte","GWD, GK",0,0%,1,9.09%,2,66.67%,3,33.33%,2,25%,1,50%
1029,"Lichtlein, Carsten","GWD, GK",0,-,0,-,0,-,0,-,0,-,0,-
1030,"Thulin, Tobias","TVB, GK",0,-,0,-,0,-,0,-,0,-,0,-
1031,"Birlehm, Joel","RNL, GK",1,50%,6,31.58%,4,57.14%,3,100%,3,42.86%,0,-
1032,"Rudeck, Christopher","BHC, GK",1,50%,4,26.67%,1,100%,1,25%,2,22.22%,1,33.33%
1033,"Mrkva, Tomas","BHC, GK",0,-,0,-,0,-,0,-,0,-,0,-
1034,"Katsigiannis, Nikolas","RNL, GK",0,-,0,-,0,-,0,-,0,-,0,-
1035,"Appelgren, Mikael","RNL, GK",0,0%,0,-,0,-,0,-,0,-,0,-
1036,"Johannesson, Peter","TBV, GK",1,33.33%,1,25%,5,35.71%,1,25%,0,0%,0,-
1037,"Ruminsky, Mario","HBW, GK",0,0%,0,0%,1,20%,3,33.33%,1,16.67%,0,0%
1038,"Sejr Jensen, Simon","HBW, GK",0,0%,3,60%,0,0%,0,0%,0,0%,0,-
1039,"Zecher, Finn","TBV, GK",0,0%,0,0%,0,0%,0,0%,0,0%,0,-
1040,"Bitter, Johannes","HSV, GK",0,0%,3,30%,8,66.67%,1,20%,0,0%,1,33.33%
1041,"Rezar, Aljosa","NLB, GK",0,0%,0,0%,4,66.67%,3,33.33%,0,0%,1,25%
1042,"Vortmann, Jens","HSV, GK",0,0%,0,-,0,-,0,-,0,-,0,-
1043,"Asheim, Havard","NLB, GK",0,0%,0,0%,0,-,0,0%,0,-,0,0%
1044,"Ruminsky, Mario","HBW, GK",2,50%,3,14.29%,1,33.33%,2,66.67%,3,42.86%,0,0%
1045,"Lesjak, Urban","HAN, GK",0,0%,1,16.67%,1,50%,2,50%,0,0%,0,0%
1046,"Ebner, Domenico","HAN, GK",0,0%,1,14.29%,0,-,1,33.33%,0,0%,0,-
1047,"Sejr Jensen, Simon","HBW, GK",0,-,0,-,0,-,0,-,0,-,0,-
1048,"Ferlin, Klemen","HCE, GK",1,33.33%,1,11.11%,5,41.67%,2,50%,1,33.33%,0,0%
1049,"Klimpke, Till","WET, GK",0,0%,1,33.33%,0,0%,2,40%,0,0%,1,25%
1050,"Sonne-Hansen, Kim","HCE, GK",0,-,0,0%,1,100%,0,0%,0,-,0,-
1051,"Komok, Gennadiy","WET, GK",0,0%,0,0%,0,0%,0,-,0,0%,0,0%
1052,"Zecher, Finn","TBV, GK",0,-,2,33.33%,5,50%,1,20%,1,11.11%,1,50%
1053,"Birlehm, Joel","RNL, GK",1,33.33%,2,50%,3,50%,1,33.33%,0,0%,0,0%
1054,"Appelgren, Mikael","RNL, GK",0,-,0,-,3,42.86%,0,0%,0,0%,0,0%
1055,"Katsigiannis, Nikolas","RNL, GK",0,-,0,-,0,-,0,-,0,-,0,-
1056,"Johannesson, Peter","TBV, GK",0,-,0,-,0,-,0,-,0,-,0,-
1057,"Bitter, Johannes","HSV, GK",1,20%,4,28.57%,1,20%,4,66.67%,1,100%,1,33.33%
1058,"Rebmann, Daniel","FAG, GK",0,0%,3,30%,0,-,2,40%,1,25%,0,0%
1059,"Kastelic, Urh","FAG, GK",0,0%,1,25%,1,33.33%,0,0%,0,-,0,0%
1060,"Vortmann, Jens","HSV, GK",1,50%,0,-,0,-,0,-,0,-,0,-
1061,"Semisch, Malte","GWD, GK",0,0%,5,35.71%,8,57.14%,3,50%,1,33.33%,0,0%
1062,"Mrkva, Tomas","BHC, GK",0,0%,5,29.41%,5,62.5%,0,0%,1,100%,0,0%
1063,"Lichtlein, Carsten","GWD, GK",0,-,0,-,0,-,0,-,0,-,0,-
1064,"Rudeck, Christopher","BHC, GK",0,-,0,-,0,-,0,-,0,-,0,-
1065,"Genz, Fredrik","BER, GK",0,-,0,-,0,-,0,-,0,-,0,-
1066,"Saeveraas, Kristian Skinstad","LEI, GK",0,-,0,-,0,-,0,-,0,-,0,-
1067,"Milosavljev, Dejan","BER, GK",0,-,0,-,0,-,0,-,0,-,0,-
1068,"El-Tayar, Mohamed Essam Moustafa","LEI, GK",0,-,0,-,0,-,0,-,0,-,0,-
1069,"Green Krejberg, Jannick","SCM, GK",0,0%,1,14.29%,7,43.75%,2,33.33%,0,0%,0,0%
1070,"Simic, Nebojsa","MTM, GK",0,0%,3,27.27%,2,25%,1,33.33%,0,0%,1,14.29%
1071,"Heinevetter, Silvio","MTM, GK",0,0%,0,0%,1,33.33%,0,0%,1,100%,0,-
1072,"Jensen, Mike","SCM, GK",0,0%,0,-,0,-,0,-,0,-,0,-
1073,"Quenstedt, Dario","THW, GK",0,0%,2,33.33%,1,12.5%,0,0%,4,57.14%,0,0%
1074,"Rezar, Aljosa","NLB, GK",4,66.67%,0,0%,0,0%,1,100%,0,0%,0,0%
1075,"Asheim, Havard","NLB, GK",0,0%,2,33.33%,1,33.33%,0,0%,1,16.67%,0,0%
1076,"Landin Jacobsen, Niklas","THW, GK",0,-,1,50%,0,0%,1,100%,0,0%,0,-
1077,"Møller, Kevin","SGF, GK",0,0%,4,50%,7,70%,1,16.67%,1,20%,1,25%
1078,"Vujovic, Miljan","TVB, GK",1,25%,1,33.33%,0,0%,3,25%,0,0%,0,0%
1079,"Pesic, Ivan","TVB, GK",0,0%,1,50%,0,0%,2,50%,0,-,1,33.33%
1080,"Thulin, Tobias","TVB, GK",0,-,0,-,0,-,0,-,0,-,0,-
1081,"Buric, Benjamin","SGF, GK",0,-,0,-,0,-,0,-,0,-,0,-
1082,"Appelgren, Mikael","RNL, GK",0,-,4,40%,6,54.55%,5,55.56%,1,16.67%,0,0%
1083,"Thulin, Tobias","TVB, GK",0,0%,1,14.29%,5,55.56%,5,62.5%,5,62.5%,0,0%
1084,"Katsigiannis, Nikolas","RNL, GK",0,-,0,-,0,-,0,-,0,-,0,-
1085,"Vujovic, Miljan","TVB, GK",0,-,0,-,0,-,0,-,0,-,0,-
1086,"Pesic, Ivan","TVB, GK",0,0%,0,0%,0,0%,0,0%,0,0%,0,-
1087,"Johannesson, Peter","TBV, GK",2,50%,4,36.36%,4,40%,0,-,3,60%,0,0%
1088,"Simic, Nebojsa","MTM, GK",1,33.33%,1,14.29%,4,44.44%,0,0%,3,42.86%,1,25%
1089,"Heinevetter, Silvio","MTM, GK",0,-,0,-,0,-,0,-,0,-,0,-
1090,"Zecher, Finn","TBV, GK",0,-,0,-,0,-,0,-,0,-,0,-
1091,"Semisch, Malte","GWD, GK",0,0%,4,33.33%,4,66.67%,3,50%,0,0%,0,0%
1092,"Ebner, Domenico","HAN, GK",1,25%,3,30%,3,37.5%,1,16.67%,1,50%,1,20%
1093,"Lichtlein, Carsten","GWD, GK",0,-,0,-,0,0%,1,50%,0,-,0,-
1094,"Lesjak, Urban","HAN, GK",0,0%,0,-,0,-,0,-,0,-,0,-
1095,"Klimpke, Till","WET, GK",1,33.33%,1,20%,2,40%,4,44.44%,1,12.5%,0,0%
1096,"Sejr Jensen, Simon","HBW, GK",1,50%,3,30%,3,37.5%,0,-,0,0%,0,-
1097,"Ruminsky, Mario","HBW, GK",0,-,0,-,2,50%,0,0%,0,0%,0,0%
1098,"Komok, Gennadiy","WET, GK",1,50%,0,-,0,-,0,-,0,0%,0,-
1099,"Møller, Kevin","SGF, GK",0,0%,0,0%,6,40%,1,50%,4,66.67%,0,0%
1100,"Landin Jacobsen, Niklas","THW, GK",1,50%,2,20%,3,37.5%,2,28.57%,1,20%,0,0%
1101,"Buric, Benjamin","SGF, GK",1,33.33%,0,0%,0,0%,0,0%,0,0%,0,-
1102,"Quenstedt, Dario","THW, GK",0,-,0,-,0,-,0,-,0,-,0,-
1103,"Mrkva, Tomas","BHC, GK",0,0%,0,0%,4,66.67%,3,60%,2,33.33%,0,0%
1104,"El-Tayar, Mohamed Essam Moustafa","LEI, GK",0,0%,2,40%,6,40%,0,0%,1,33.33%,0,0%
1105,"Rudeck, Christopher","BHC, GK",0,0%,0,0%,2,40%,0,-,0,0%,0,-
1106,"Saeveraas, Kristian Skinstad","LEI, GK",0,0%,0,-,0,-,0,0%,0,0%,1,50%
1107,"Milosavljev, Dejan","BER, GK",2,66.67%,3,60%,5,35.71%,1,33.33%,1,12.5%,0,0%
1108,"Ferlin, Klemen","HCE, GK",0,0%,2,20%,3,50%,3,50%,0,0%,0,0%
1109,"Ziemer, Martin","HCE, GK",0,0%,0,0%,0,-,0,0%,0,0%,0,-
1110,"Genz, Fredrik","BER, GK",0,-,0,-,0,-,0,-,0,-,0,-
1111,"Rebmann, Daniel","FAG, GK",1,20%,1,10%,6,60%,1,100%,2,40%,0,0%
1112,"Asheim, Havard","NLB, GK",1,33.33%,1,16.67%,2,40%,6,46.15%,0,0%,0,0%
1113,"Rezar, Aljosa","NLB, GK",0,0%,0,-,0,-,0,-,0,-,0,-
1114,"Klein, Sebastian","FAG, GK",0,0%,0,-,0,-,0,-,0,-,0,-
1115,"Green Krejberg, Jannick","SCM, GK",0,0%,8,47.06%,0,0%,4,66.67%,0,0%,0,0%
1116,"Vortmann, Jens","HSV, GK",0,0%,2,18.18%,0,0%,3,50%,1,20%,1,33.33%
1117,"Jensen, Mike","SCM, GK",2,100%,0,-,0,-,0,-,0,-,0,-
1118,"Bitter, Johannes","HSV, GK",0,-,0,0%,0,0%,0,-,0,0%,0,0%
1119,"Jensen, Mike","SCM, GK",0,0%,2,28.57%,6,66.67%,2,20%,0,0%,1,100%
1120,"Ruminsky, Mario","HBW, GK",0,0%,3,23.08%,1,100%,1,25%,1,33.33%,0,0%
1121,"Sejr Jensen, Simon","HBW, GK",2,50%,0,0%,0,-,0,-,0,-,0,-
1122,"Green Krejberg, Jannick","SCM, GK",0,0%,0,-,0,0%,0,-,1,50%,0,-
1123,"Rebmann, Daniel","FAG, GK",0,0%,7,50%,3,75%,2,20%,2,33.33%,0,0%
1124,"Birlehm, Joel","RNL, GK",0,0%,5,31.25%,3,75%,1,25%,2,33.33%,0,0%
1125,"Appelgren, Mikael","RNL, GK",0,-,1,20%,0,-,0,-,0,0%,0,-
1126,"Buchele, Julian","FAG, GK",0,0%,0,-,0,-,0,-,0,-,0,-
1127,"Thulin, Tobias","TVB, GK",0,-,1,20%,3,60%,1,100%,0,-,0,0%
1128,"Rezar, Aljosa","NLB, GK",1,50%,1,16.67%,2,40%,0,0%,0,0%,0,0%
1129,"Vujovic, Miljan","TVB, GK",0,0%,2,33.33%,1,33.33%,0,0%,0,-,0,0%
1130,"Asheim, Havard","NLB, GK",0,-,0,0%,1,50%,1,16.67%,0,0%,0,0%
1131,"Pesic, Ivan","TVB, GK",1,100%,0,0%,0,0%,0,0%,0,0%,0,0%
1132,"Simic, Nebojsa","MTM, GK",1,25%,2,18.18%,3,37.5%,3,42.86%,0,0%,1,100%
1133,"Rudeck, Christopher","BHC, GK",0,0%,0,0%,4,50%,1,100%,0,0%,0,0%
1134,"Mrkva, Tomas","BHC, GK",0,0%,2,20%,1,50%,0,0%,1,50%,0,-
1135,"Heinevetter, Silvio","MTM, GK",0,-,0,-,0,-,0,-,0,-,0,-
1136,"Komok, Gennadiy","WET, GK",0,-,3,33.33%,3,60%,3,33.33%,2,28.57%,1,16.67%
1137,"El-Tayar, Mohamed Essam Moustafa","LEI, GK",1,50%,3,27.27%,2,33.33%,1,25%,4,50%,0,0%
1138,"Saeveraas, Kristian Skinstad","LEI, GK",0,-,0,-,0,-,0,-,0,-,0,-
1139,"Suljakovic, Anadin","WET, GK",0,-,0,-,0,-,0,-,0,-,0,-
1140,"Vortmann, Jens","HSV, GK",0,0%,2,66.67%,0,0%,2,33.33%,2,50%,1,100%
1141,"Landin Jacobsen, Niklas","THW, GK",1,33.33%,0,0%,3,75%,1,14.29%,1,100%,0,0%
1142,"Bitter, Johannes","HSV, GK",1,33.33%,0,0%,2,28.57%,0,0%,1,33.33%,0,-
1143,"Quenstedt, Dario","THW, GK",1,25%,0,-,2,50%,0,0%,0,0%,0,0%
1144,"Ferlin, Klemen","HCE, GK",1,33.33%,4,28.57%,1,16.67%,2,28.57%,0,0%,0,-
1145,"Ebner, Domenico","HAN, GK",0,0%,5,35.71%,0,-,1,20%,0,0%,1,33.33%
1146,"Sonne-Hansen, Kim","HCE, GK",0,-,0,0%,0,0%,0,-,0,-,0,-
1147,"Wernlein, Felix","HAN, GK",0,-,0,-,0,-,0,-,0,-,0,-
1148,"Milosavljev, Dejan","BER, GK",0,0%,3,33.33%,6,42.86%,3,50%,1,20%,1,25%
1149,"Semisch, Malte","GWD, GK",0,0%,1,14.29%,3,27.27%,2,50%,0,0%,1,16.67%
1150,"Lichtlein, Carsten","GWD, GK",0,-,0,0%,1,100%,0,0%,0,0%,1,33.33%
1151,"Genz, Fredrik","BER, GK",0,-,0,-,0,-,0,-,0,-,0,-
1152,"Møller, Kevin","SGF, GK",0,0%,4,36.36%,5,50%,0,0%,0,0%,2,50%
1153,"Johannesson, Peter","TBV, GK",0,0%,2,28.57%,6,66.67%,0,0%,2,28.57%,0,0%
1154,"Buric, Benjamin","SGF, GK",0,-,0,-,0,-,0,-,0,-,0,-
1155,"Zecher, Finn","TBV, GK",0,0%,0,-,0,-,0,-,0,-,0,-
1156,"Backhaus, Theodor Felix","SGF, GK",0,-,0,-,0,-,0,-,0,-,0,-
1157,"Møller, Kevin","SGF, GK",0,0%,5,62.5%,6,46.15%,0,0%,2,25%,0,-
1158,"Mrkva, Tomas","BHC, GK",0,0%,1,20%,2,28.57%,3,50%,2,28.57%,0,0%
1159,"Rudeck, Christopher","BHC, GK",1,100%,0,-,0,-,0,-,0,-,0,-
1160,"Backhaus, Theodor Felix","SGF, GK",0,0%,0,-,0,-,0,-,0,-,0,-
1161,"Landin Jacobsen, Niklas","THW, GK",1,50%,4,44.44%,6,60%,2,22.22%,3,33.33%,1,33.33%
1162,"Appelgren, Mikael","RNL, GK",0,0%,3,42.86%,4,50%,1,33.33%,1,12.5%,0,0%
1163,"Birlehm, Joel","RNL, GK",0,0%,0,0%,0,0%,1,33.33%,0,0%,0,-
1164,"Quenstedt, Dario","THW, GK",0,-,0,-,0,-,0,-,0,-,0,-
1165,"Katsigiannis, Nikolas","RNL, GK",0,-,0,-,0,-,0,-,0,-,0,-
1166,"Heinevetter, Silvio","MTM, GK",0,0%,4,30.77%,6,66.67%,1,50%,0,0%,0,0%
1167,"Suljakovic, Anadin","WET, GK",0,0%,2,33.33%,2,50%,0,0%,0,-,1,50%
1168,"Komok, Gennadiy","WET, GK",0,0%,1,16.67%,1,16.67%,0,0%,0,-,0,-
1169,"Simic, Nebojsa","MTM, GK",0,-,0,-,0,-,0,-,0,-,0,-
1170,"Rebmann, Daniel","FAG, GK",0,0%,9,37.5%,5,62.5%,1,25%,1,33.33%,0,0%
1171,"Johannesson, Peter","TBV, GK",0,0%,3,23.08%,1,100%,0,0%,1,20%,0,0%
1172,"Zecher, Finn","TBV, GK",0,0%,1,20%,1,100%,0,0%,0,0%,0,-
1173,"Kastelic, Urh","FAG, GK",0,0%,0,-,0,-,0,-,0,-,0,-
1174,"Milosavljev, Dejan","BER, GK",0,0%,3,42.86%,2,20%,3,60%,0,0%,1,50%
1175,"Ruminsky, Mario","HBW, GK",0,0%,1,20%,2,25%,2,33.33%,2,40%,1,100%
1176,"Genz, Fredrik","BER, GK",0,-,0,-,0,-,0,-,0,-,0,-
1177,"Sejr Jensen, Simon","HBW, GK",0,-,0,0%,0,0%,0,-,0,-,0,-
1178,"El-Tayar, Mohamed Essam Moustafa","LEI, GK",0,0%,1,14.29%,1,14.29%,5,62.5%,1,25%,0,0%
1179,"Jensen, Mike","SCM, GK",0,0%,0,0%,3,42.86%,0,0%,1,33.33%,1,20%
1180,"Green Krejberg, Jannick","SCM, GK",0,-,0,0%,0,0%,0,0%,1,14.29%,0,0%
1181,"Saeveraas, Kristian Skinstad","LEI, GK",0,0%,0,0%,0,-,1,100%,0,0%,0,-
1182,"Semisch, Malte","GWD, GK",0,0%,1,10%,8,66.67%,0,0%,2,50%,0,0%
1183,"Ferlin, Klemen","HCE, GK",0,0%,2,28.57%,2,50%,2,50%,1,100%,0,0%
1184,"Sonne-Hansen, Kim","HCE, GK",0,-,0,0%,1,50%,1,100%,0,0%,0,0%
1185,"Lichtlein, Carsten","GWD, GK",0,-,0,-,0,-,0,-,0,-,0,-
1186,"Rezar, Aljosa","NLB, GK",0,-,0,-,0,-,0,-,0,-,0,-
1187,"Ebner, Domenico","HAN, GK",0,-,0,-,0,-,0,-,0,-,0,-
1188,"Wernlein, Felix","HAN, GK",0,-,0,-,0,-,0,-,0,-,0,-
1189,"Asheim, Havard","NLB, GK",0,-,0,-,0,-,0,-,0,-,0,-
1190,"Bitter, Johannes","HSV, GK",0,0%,5,50%,6,42.86%,3,37.5%,1,20%,2,25%
1191,"Vujovic, Miljan","TVB, GK",3,42.86%,2,18.18%,4,80%,1,20%,2,22.22%,0,0%
1192,"Vortmann, Jens","HSV, GK",0,0%,0,-,0,-,0,-,0,-,0,-
1193,"Thulin, Tobias","TVB, GK",0,-,0,-,0,-,0,-,0,-,0,-
1194,"Pesic, Ivan","TVB, GK",0,-,0,-,0,-,0,-,0,-,0,-
1195,"Quenstedt, Dario","THW, GK",0,0%,2,33.33%,6,50%,2,33.33%,1,11.11%,0,0%
1196,"Rebmann, Daniel","FAG, GK",0,0%,1,12.5%,1,14.29%,0,0%,0,0%,1,25%
1197,"Landin Jacobsen, Niklas","THW, GK",1,50%,0,0%,1,50%,1,50%,0,0%,0,0%
1198,"Klein, Sebastian","FAG, GK",0,0%,0,0%,2,33.33%,0,0%,0,0%,0,0%
1199,"Birlehm, Joel","RNL, GK",0,0%,5,26.32%,6,50%,1,25%,1,20%,0,0%
1200,"Green Krejberg, Jannick","SCM, GK",0,0%,0,0%,4,33.33%,2,33.33%,0,0%,0,0%
1201,"Katsigiannis, Nikolas","RNL, GK",0,-,0,-,0,-,0,-,0,-,0,-
1202,"Appelgren, Mikael","RNL, GK",0,-,0,-,0,-,0,-,0,-,0,-
1203,"Jensen, Mike","SCM, GK",0,0%,0,-,0,0%,0,-,0,0%,0,-
1204,"Ebner, Domenico","HAN, GK",0,0%,4,36.36%,6,75%,0,0%,0,0%,1,20%
1205,"Saeveraas, Kristian Skinstad","LEI, GK",0,0%,7,46.67%,1,25%,3,50%,0,0%,0,0%
1206,"El-Tayar, Mohamed Essam Moustafa","LEI, GK",1,33.33%,0,0%,0,-,0,-,0,-,0,-
1207,"Wernlein, Felix","HAN, GK",0,-,0,-,0,-,0,-,0,-,0,-
1208,"Møller, Kevin","SGF, GK",2,28.57%,6,54.55%,5,62.5%,2,40%,4,44.44%,2,66.67%
1209,"Milosavljev, Dejan","BER, GK",1,50%,5,100%,7,46.67%,1,14.29%,0,0%,1,33.33%
1210,"Genz, Fredrik","BER, GK",0,0%,0,-,0,-,1,100%,0,0%,0,-
1211,"Bendiks, Bo Asmuss","SGF, GK",0,-,0,-,0,-,0,-,0,-,0,-
1212,"Komok, Gennadiy","WET, GK",0,0%,1,16.67%,3,50%,2,28.57%,3,60%,0,0%
1213,"Semisch, Malte","GWD, GK",0,0%,2,16.67%,1,20%,3,37.5%,1,20%,2,66.67%
1214,"Suljakovic, Anadin","WET, GK",0,-,0,0%,0,0%,1,100%,0,0%,0,-
1215,"Lichtlein, Carsten","GWD, GK",0,0%,0,-,0,-,0,-,0,-,0,-
1216,"Bitter, Johannes","HSV, GK",2,28.57%,0,0%,3,37.5%,1,33.33%,3,42.86%,2,40%
1217,"Johannesson, Peter","TBV, GK",1,50%,1,12.5%,1,12.5%,1,50%,2,25%,1,33.33%
1218,"Maier, Jonas","HSV, GK",0,-,0,-,0,0%,0,-,0,-,0,-
1219,"Zecher, Finn","TBV, GK",0,-,0,-,0,-,0,-,0,-,0,-
1220,"Simic, Nebojsa","MTM, GK",1,50%,3,33.33%,1,33.33%,3,75%,1,20%,0,0%
1221,"Heinevetter, Silvio","MTM, GK",1,100%,0,0%,3,60%,0,0%,0,0%,0,-
1222,"Thulin, Tobias","TVB, GK",0,0%,1,25%,2,66.67%,0,0%,1,20%,0,0%
1223,"Pesic, Ivan","TVB, GK",0,0%,0,0%,2,50%,0,0%,0,0%,0,-
1224,"Vujovic, Miljan","TVB, GK",0,-,0,-,0,-,0,-,0,-,0,-
1225,"Asheim, Havard","NLB, GK",1,50%,3,25%,3,75%,6,60%,0,0%,1,16.67%
1226,"Mrkva, Tomas","BHC, GK",0,0%,3,50%,4,57.14%,1,25%,2,40%,0,0%
1227,"Rezar, Aljosa","NLB, GK",0,-,0,-,0,-,0,-,0,-,0,-
1228,"Rudeck, Christopher","BHC, GK",0,-,0,-,0,-,0,-,0,-,0,-
1229,"Sonne-Hansen, Kim","HCE, GK",0,0%,0,0%,3,33.33%,0,-,2,66.67%,0,0%
1230,"Sejr Jensen, Simon","HBW, GK",0,0%,0,0%,0,0%,2,50%,1,20%,0,0%
1231,"Ferlin, Klemen","HCE, GK",1,33.33%,0,0%,0,-,0,0%,0,0%,0,0%
1232,"Ruminsky, Mario","HBW, GK",0,0%,0,0%,0,0%,0,0%,0,0%,0,0%
