MatchId;Player Name;Team;Position;7M Save;7M Save Accuracy;6M Save;6M Save Accuracy;9M Save;9M Save Accuracy;Wing Save;Wing Save Accuracy;Pivot Save;Pivot Save Accuracy;Fastbreak Save;Fastbreak Save Accuracy
1;Landin Jacobsen Niklas;THW;GK;0;0;10;0,2;80;61,54;10;1;10;1,25;0;0
1;Ruminsky Mario;HBW;GK;0;0;40;0,25;40;0,5;10;0,5;10;0,2;0;0
1;Quenstedt Dario;THW;GK;0;0;0;0;0;0;10;0,5;0;0;0;0
1;Sejr Jensen Simon;HBW;GK;0;0;0;0;0;0;0;0;0;0;0;0
2;Johannesson Peter;TBV;GK;10;33,33;30;0,3;60;0,5;20;0,4;20;28,57;20;0,5
2;Heinevetter Silvio;MTM;GK;0;0;0;0;30;0,6;20;33,33;0;0;0;0
2;Simic Nebojsa;MTM;GK;10;0,5;0;0;10;0,5;0;0;0;0;0;0
2;Zecher Finn;TBV;GK;0;0;0;0;0;0;0;0;0;0;0;0
3;Birlehm Joel;LEI;GK;0;0;0;0;100;76,92;0;0;20;33,33;0;0
3;Ferlin Klemen;HCE;GK;20;66,67;0;0;50;6,25;20;33,33;10;0,25;0;0
3;Ziemer Martin;HCE;GK;0;0;0;0;0;0;0;0;0;0;0;0
3;Saeveraas Kristian Skinstad;LEI;GK;0;0;0;0;0;0;0;0;0;0;0;0
4;M?ller Kevin;SGF;GK;0;0;50;41,67;60;85,71;30;42,86;0;0;10;0,5
4;Semisch Malte;GWD;GK;0;0;20;33,33;0;0;20;0,4;0;0;0;0
4;Lichtlein Carsten;GWD;GK;10;0,5;0;0;0;0;10;0,25;0;0;0;0
4;Buric Benjamin;SGF;GK;0;0;0;0;0;0;0;0;0;0;0;0
5;Rebmann Daniel;FAG;GK;0;0;0;0;40;66,67;50;83,33;10;33,33;0;0
5;Bitter Johannes;HSV;GK;10;0,25;20;28,57;20;0,5;30;0,25;0;0;0;0
5;Kastelic Urh;FAG;GK;0;0;10;0,2;20;0,5;10;0,25;10;33,33;10;0,5
5;Vortmann Jens;HSV;GK;0;0;0;0;0;0;0;0;0;0;0;0
6;Green Krejberg Jannick;SCM;GK;10;33,33;10;33,33;20;0,4;20;0,5;0;0;10;0,25
6;Jensen Mike;SCM;GK;0;0;10;33,33;50;0,5;0;0;0;0;0;0
6;Thulin Tobias;TVB;GK;0;0;10;11,11;10;0,5;10;16,67;10;0,2;0;0
6;Prost Primoz;TVB;GK;10;0,5;0;0;20;0,5;0;0;0;0;0;0
7;Palicka Andreas;RNL;GK;0;0;10;11,11;10;33,33;40;66,67;20;33,33;20;0,5
7;Ebner Domenico;HAN;GK;0;0;20;0,4;40;66,67;10;0,25;0;0;0;0
7;Lesjak Urban;HAN;GK;0;0;0;0;0;0;10;33,33;10;0,5;0;0
7;Spath David;RNL;GK;0;0;0;0;10;0,5;0;0;0;0;0;0
8;Milosavljev Dejan;BER;GK;0;0;30;3,75;70;0,5;20;0,25;20;66,67;0;0
8;Klimpke Till;WET;GK;0;0;30;42,86;40;36,36;10;11,11;10;0,5;10;0,2
8;Genz Fredrik;BER;GK;0;0;0;0;0;0;0;0;0;0;0;0
8;Suljakovic Anadin;WET;GK;0;0;0;0;0;0;0;0;0;0;0;0
9;Rudeck Christopher;BHC;GK;0;0;20;0,4;80;66,67;10;0,2;20;22,22;0;0
9;Rezar Aljosa;NLB;GK;10;1;0;0;60;35,29;0;0;0;0;0;0
9;Asheim Havard;NLB;GK;0;0;0;0;30;0,6;0;0;0;0;0;0
9;Mrkva Tomas;BHC;GK;0;0;0;0;0;0;0;0;0;0;0;0
10;M?ller Kevin;SGF;GK;0;0;40;36,36;40;36,36;10;33,33;20;33,33;0;0
10;Ferlin Klemen;HCE;GK;0;0;20;28,57;40;33,33;10;0,2;10;33,33;10;0,5
10;Ziemer Martin;HCE;GK;0;0;0;0;0;0;10;1;0;0;0;0
10;Buric Benjamin;SGF;GK;0;0;0;0;0;0;0;0;0;0;0;0
11;Ruminsky Mario;HBW;GK;20;1;40;28,57;60;0,5;0;0;20;0,4;20;66,67
11;Semisch Malte;GWD;GK;10;33,33;20;33,33;50;35,71;10;16,67;10;0,2;10;0,25
11;Lichtlein Carsten;GWD;GK;0;0;0;0;0;0;0;0;0;0;0;0
11;Sejr Jensen Simon;HBW;GK;0;0;0;0;0;0;0;0;0;0;0;0
12;Landin Jacobsen Niklas;THW;GK;10;0,5;40;30,77;70;0,7;30;0,3;0;0;0;0
12;Simic Nebojsa;MTM;GK;0;0;50;33,33;40;30,77;20;0,25;20;0,5;0;0
12;Heinevetter Silvio;MTM;GK;0;0;0;0;0;0;0;0;0;0;0;0
12;Quenstedt Dario;THW;GK;0;0;0;0;0;0;0;0;0;0;0;0
13;Palicka Andreas;RNL;GK;10;0,5;30;27,27;10;0,25;20;28,57;10;0,25;0;0
13;Green Krejberg Jannick;SCM;GK;0;0;10;14,29;30;0,5;0;0;30;0,5;0;0
13;Jensen Mike;SCM;GK;10;0,25;0;0;10;1;20;66,67;0;0;0;0
13;Spath David;RNL;GK;0;0;0;0;0;0;0;0;0;0;0;0
14;Milosavljev Dejan;BER;GK;10;33,33;20;33,33;30;0,5;0;0;0;0;10;0,2
14;Birlehm Joel;LEI;GK;0;0;30;33,33;10;0,2;0;0;10;0,2;10;14,29
14;Genz Fredrik;BER;GK;10;33,33;0;0;0;0;0;0;0;0;0;0
14;Saeveraas Kristian Skinstad;LEI;GK;0;0;0;0;0;0;0;0;0;0;0;0
15;Klimpke Till;WET;GK;0;0;60;42,86;90;0,6;40;57,14;10;33,33;10;0,2
15;Johannesson Peter;TBV;GK;0;0;20;33,33;20;0,4;10;0,25;0;0;0;0
15;Zecher Finn;TBV;GK;0;0;10;0,25;10;0,2;0;0;0;0;0;0
15;Suljakovic Anadin;WET;GK;0;0;0;0;0;0;0;0;0;0;0;0
16;Rezar Aljosa;NLB;GK;20;0,5;30;0,5;0;0;10;1;10;1;0;0
16;Kastelic Urh;FAG;GK;0;0;20;18,18;20;66,67;0;0;10;33,33;0;0
16;Asheim Havard;NLB;GK;0;0;20;0,25;0;0;0;0;20;0,4;10;0,2
16;Rebmann Daniel;FAG;GK;0;0;0;0;10;0,5;30;0,75;0;0;0;0
17;Bitter Johannes;HSV;GK;0;0;40;36,36;10;0,2;20;33,33;10;0,2;0;0
17;Rudeck Christopher;BHC;GK;10;0,25;10;0,25;20;0,4;10;0,2;30;3,75;0;0
17;Mrkva Tomas;BHC;GK;0;0;0;0;10;0,2;0;0;10;1;0;0
17;Vortmann Jens;HSV;GK;0;0;0;0;10;0,25;0;0;0;0;0;0
18;Ebner Domenico;HAN;GK;0;0;0;0;70;63,64;20;66,67;0;0;0;0
18;Thulin Tobias;TVB;GK;10;1;0;0;50;0,5;20;0,5;0;0;0;0
18;Lesjak Urban;HAN;GK;0;0;0;0;10;33,33;10;33,33;0;0;0;0
18;Pesic Ivan;TVB;GK;0;0;20;0,25;0;0;0;0;0;0;0;0
19;Suljakovic Anadin;WET;GK;0;0;30;0,3;20;66,67;30;0,6;0;0;0;0
19;Green Krejberg Jannick;SCM;GK;0;0;30;33,33;10;0,5;10;0,2;0;0;0;0
19;Klimpke Till;WET;GK;10;0,5;20;33,33;0;0;0;0;0;0;0;0
19;Jensen Mike;SCM;GK;20;0,5;0;0;0;0;0;0;0;0;0;0
20;Milosavljev Dejan;BER;GK;0;0;20;0,2;60;0,75;30;0,5;20;33,33;0;0
20;Heinevetter Silvio;MTM;GK;10;0,5;0;0;10;33,33;0;0;0;0;10;0,25
20;Simic Nebojsa;MTM;GK;0;0;0;0;20;0,4;0;0;0;0;10;0,2
20;Genz Fredrik;BER;GK;0;0;0;0;0;0;0;0;0;0;0;0
21;Johannesson Peter;TBV;GK;0;0;50;45,45;20;0,25;20;66,67;10;16,67;10;0,2
21;Birlehm Joel;LEI;GK;10;0,5;10;0,25;10;33,33;0;0;10;0,25;0;0
21;Saeveraas Kristian Skinstad;LEI;GK;0;0;0;0;20;33,33;0;0;0;0;10;1
21;Zecher Finn;TBV;GK;0;0;0;0;0;0;0;0;0;0;0;0
22;Rebmann Daniel;FAG;GK;10;1;10;1,25;40;44,44;40;57,14;10;0,2;20;66,67
22;Prost Primoz;TVB;GK;0;0;0;0;30;3,75;40;57,14;10;33,33;0;0
22;Kastelic Urh;FAG;GK;0;0;10;0,5;20;33,33;10;1;0;0;10;0,5
22;Thulin Tobias;TVB;GK;0;0;0;0;0;0;10;1;0;0;0;0
23;Ferlin Klemen;HCE;GK;0;0;50;45,45;60;42,86;0;0;30;0,75;0;0
23;Lichtlein Carsten;GWD;GK;0;0;20;0,5;50;45,45;10;0,25;10;0,2;0;0
23;Semisch Malte;GWD;GK;0;0;0;0;10;0,25;0;0;0;0;0;0
23;Ziemer Martin;HCE;GK;0;0;0;0;0;0;0;0;0;0;0;0
24;M?ller Kevin;SGF;GK;0;0;40;0,4;50;41,67;10;33,33;10;33,33;10;14,29
24;Landin Jacobsen Niklas;THW;GK;0;0;20;0,2;60;0,5;10;0,5;10;0,25;10;0,5
24;Buric Benjamin;SGF;GK;0;0;0;0;0;0;10;0,5;0;0;0;0
24;Quenstedt Dario;THW;GK;0;0;0;0;0;0;0;0;0;0;0;0
25;Rudeck Christopher;BHC;GK;20;66,67;90;47,37;10;16,67;0;0;0;0;10;0,2
25;Ebner Domenico;HAN;GK;10;0,5;60;46,15;20;0,25;20;0,5;10;0,2;10;1
25;Mrkva Tomas;BHC;GK;0;0;0;0;0;0;0;0;0;0;0;0
25;Lesjak Urban;HAN;GK;0;0;0;0;0;0;0;0;0;0;0;0
26;Rezar Aljosa;NLB;GK;20;0,4;10;33,33;60;0,4;30;33,33;0;0;0;0
26;Sejr Jensen Simon;HBW;GK;0;0;10;0,25;40;44,44;10;0,5;0;0;0;0
26;Ruminsky Mario;HBW;GK;10;33,33;0;0;20;33,33;0;0;0;0;0;0
26;Asheim Havard;NLB;GK;0;0;0;0;0;0;0;0;0;0;0;0
27;Bitter Johannes;HSV;GK;20;0,4;30;21,43;70;0,7;30;0,6;20;33,33;0;0
27;Palicka Andreas;RNL;GK;0;0;30;33,33;30;3,75;10;0,5;0;0;0;0
27;Spath David;RNL;GK;0;0;20;0,4;10;0,2;20;33,33;0;0;0;0
27;Vortmann Jens;HSV;GK;0;0;0;0;0;0;0;0;0;0;0;0
27;Bitter Johannes;HSV;GK;0;0;30;42,86;30;33,33;0;0;0;0;10;33,33
28;Birlehm Joel;LEI;GK;10;1;40;0,5;10;33,33;0;0;0;0;0;0
28;Saeveraas Kristian Skinstad;LEI;GK;10;33,33;0;0;0;0;0;0;10;0,5;0;0
28;Vortmann Jens;HSV;GK;0;0;0;0;0;0;10;1;0;0;0;0
29;Mrkva Tomas;BHC;GK;0;0;20;28,57;10;1;0;0;10;0,5;10;0,5
29;Prost Primoz;TVB;GK;10;0,5;10;14,29;30;42,86;0;0;0;0;0;0
29;Rudeck Christopher;BHC;GK;10;0,5;10;0,2;10;16,67;0;0;0;0;0;0
29;Thulin Tobias;TVB;GK;0;0;0;0;10;33,33;10;0,25;10;1;0;0
30;Milosavljev Dejan;BER;GK;30;0,75;30;23,08;50;45,45;0;0;0;0;0;0
30;Lichtlein Carsten;GWD;GK;0;0;20;0,2;10;0,2;30;3,75;0;0;10;0,25
30;Genz Fredrik;BER;GK;0;0;0;0;0;0;0;0;0;0;0;0
31;Jensen Mike;SCM;GK;0;0;0;0;30;0,5;30;0,5;30;0,6;0;0
31;Ruminsky Mario;HBW;GK;0;0;10;33,33;0;0;30;0,5;0;0;0;0
31;Sejr Jensen Simon;HBW;GK;0;0;0;0;20;0,5;0;0;0;0;0;0
31;Green Krejberg Jannick;SCM;GK;0;0;10;1;0;0;0;0;0;0;0;0
32;Landin Jacobsen Niklas;THW;GK;10;33,33;10;0,25;60;42,86;10;0,5;10;0,25;10;0,25
32;Ferlin Klemen;HCE;GK;10;0,5;0;0;30;3,75;0;0;10;0,2;0;0
32;Ziemer Martin;HCE;GK;0;0;0;0;10;0,5;0;0;10;0,5;0;0
32;Quenstedt Dario;THW;GK;0;0;0;0;0;0;0;0;0;0;0;0
33;Rebmann Daniel;FAG;GK;0;0;60;35,29;0;0;0;0;20;33,33;0;0
33;Palicka Andreas;RNL;GK;0;0;20;18,18;20;0,4;0;0;20;0,4;0;0
33;Kastelic Urh;FAG;GK;0;0;0;0;0;0;0;0;0;0;10;0,5
33;Spath David;RNL;GK;0;0;0;0;0;0;0;0;0;0;0;0
34;Rezar Aljosa;NLB;GK;0;0;30;33,33;50;0,5;20;0,25;10;33,33;0;0
34;Heinevetter Silvio;MTM;GK;10;0,5;10;1;30;0,25;10;1;10;33,33;0;0
34;Simic Nebojsa;MTM;GK;0;0;0;0;30;0,6;10;0,5;0;0;0;0
34;Asheim Havard;NLB;GK;0;0;0;0;0;0;0;0;0;0;0;0
35;Klimpke Till;WET;GK;30;1;40;30,77;40;0,8;40;0,8;0;0;0;0
35;Lesjak Urban;HAN;GK;0;0;10;0,2;10;0,2;0;0;10;16,67;0;0
35;Ebner Domenico;HAN;GK;0;0;10;16,67;0;0;0;0;0;0;0;0
35;Suljakovic Anadin;WET;GK;0;0;0;0;0;0;0;0;0;0;0;0
36;Saeveraas Kristian Skinstad;LEI;GK;0;0;50;31,25;30;1;0;0;0;0;0;0
36;Green Krejberg Jannick;SCM;GK;0;0;20;22,22;20;0,5;20;33,33;0;0;0;0
36;Birlehm Joel;LEI;GK;40;66,67;0;0;0;0;0;0;0;0;0;0
36;Jensen Mike;SCM;GK;0;0;0;0;10;0,5;10;0,5;0;0;0;0
37;Johannesson Peter;TBV;GK;0;0;40;30,77;70;0,7;10;0,25;0;0;0;0
37;Sejr Jensen Simon;HBW;GK;20;66,67;10;11,11;10;33,33;10;0,5;0;0;0;0
37;Ruminsky Mario;HBW;GK;0;0;0;0;10;0,2;0;0;10;0,2;0;0
37;Zecher Finn;TBV;GK;0;0;0;0;0;0;0;0;0;0;0;0
38;Rebmann Daniel;FAG;GK;0;0;70;53,85;110;64,71;10;0,25;0;0;10;33,33
38;Mrkva Tomas;BHC;GK;10;0,5;20;28,57;10;16,67;20;0,5;10;16,67;0;0
38;Kastelic Urh;FAG;GK;10;33,33;0;0;0;0;0;0;0;0;0;0
38;Rudeck Christopher;BHC;GK;0;0;0;0;0;0;0;0;0;0;0;0
39;Bitter Johannes;HSV;GK;0;0;60;3,75;30;42,86;30;42,86;20;0,5;0;0
39;Klimpke Till;WET;GK;0;0;0;0;30;0,5;10;0,5;0;0;0;0
39;Suljakovic Anadin;WET;GK;0;0;10;33,33;20;33,33;0;0;10;33,33;0;0
39;Vortmann Jens;HSV;GK;0;0;0;0;0;0;0;0;0;0;0;0
40;Buric Benjamin;SGF;GK;0;0;10;33,33;80;61,54;10;0,2;20;1;0;0
40;Asheim Havard;NLB;GK;0;0;10;0,5;20;0,2;30;0,3;0;0;10;33,33
40;Rezar Aljosa;NLB;GK;0;0;0;0;10;33,33;0;0;10;0,5;0;0
40;Backhaus Theodor Felix;SGF;GK;0;0;0;0;10;0,5;0;0;10;1;0;0
41;Simic Nebojsa;MTM;GK;10;0,2;40;30,77;20;66,67;30;0,5;10;0,25;0;0
41;Ebner Domenico;HAN;GK;0;0;20;0,25;20;0,5;30;0,75;0;0;0;0
41;Heinevetter Silvio;MTM;GK;10;0,5;0;0;0;0;20;66,67;0;0;10;1
41;Lesjak Urban;HAN;GK;10;0,5;20;0,2;0;0;0;0;0;0;0;0
42;Landin Jacobsen Niklas;THW;GK;20;66,67;20;15,38;70;58,33;30;33,33;0;0;10;0,5
42;Lichtlein Carsten;GWD;GK;0;0;10;8,33;40;44,44;10;0,2;0;0;0;0
42;Grabitz Lucas;GWD;GK;0;0;0;0;10;0,5;0;0;0;0;0;0
42;Quenstedt Dario;THW;GK;0;0;0;0;0;0;0;0;0;0;0;0
43;Ziemer Martin;HCE;GK;10;33,33;10;0,2;10;0,25;0;0;10;33,33;0;0
43;Genz Fredrik;BER;GK;0;0;0;0;20;0,25;0;0;10;0,5;0;0
43;Ferlin Klemen;HCE;GK;0;0;10;16,67;20;0,4;0;0;0;0;0;0
43;Milosavljev Dejan;BER;GK;0;0;0;0;10;11,11;0;0;0;0;0;0
44;Palicka Andreas;RNL;GK;10;0,25;10;9,09;80;47,06;0;0;10;1,25;10;1
44;Thulin Tobias;TVB;GK;0;0;40;44,44;40;44,44;20;0,4;0;0;10;0,2
44;Prost Primoz;TVB;GK;10;33,33;0;0;0;0;0;0;0;0;0;0
44;Spath David;RNL;GK;0;0;0;0;0;0;0;0;0;0;0;0
45;Jensen Mike;SCM;GK;10;0,5;10;1,25;40;44,44;10;0,5;20;0,5;10;0,5
45;Heinevetter Silvio;MTM;GK;30;42,86;10;0,2;10;0,25;10;16,67;10;33,33;10;0,2
45;Simic Nebojsa;MTM;GK;20;66,67;0;0;0;0;0;0;0;0;0;0
45;Green Krejberg Jannick;SCM;GK;0;0;0;0;0;0;0;0;0;0;0;0
46;Rebmann Daniel;FAG;GK;20;0,4;30;0,25;50;83,33;30;0,5;0;0;0;0
46;Klimpke Till;WET;GK;0;0;0;0;20;0,5;20;0,25;10;0,5;0;0
46;Suljakovic Anadin;WET;GK;10;33,33;20;0,4;10;33,33;10;1;0;0;0;0
46;Kastelic Urh;FAG;GK;0;0;0;0;0;0;0;0;0;0;0;0
46;Buchele Julian;FAG;GK;0;0;0;0;0;0;0;0;0;0;0;0
47;Sejr Jensen Simon;HBW;GK;10;0,5;60;66,67;20;28,57;20;33,33;0;0;10;0,2
47;Lesjak Urban;HAN;GK;20;0,5;10;14,29;20;0,2;0;0;10;0,25;0;0
47;Ruminsky Mario;HBW;GK;0;0;0;0;0;0;10;1;0;0;0;0
47;Ritschel Matthias;HAN;GK;0;0;0;0;0;0;0;0;0;0;0;0
48;Johannesson Peter;TBV;GK;0;0;10;33,33;70;0,5;10;33,33;10;33,33;10;0,25
48;Ziemer Martin;HCE;GK;0;0;30;3,75;10;0,2;0;0;0;0;0;0
48;Zecher Finn;TBV;GK;10;0,25;0;0;10;0,5;0;0;0;0;0;0
48;Ferlin Klemen;HCE;GK;0;0;0;0;0;0;0;0;0;0;0;0
49;Rezar Aljosa;NLB;GK;10;0,25;0;0;60;0,5;20;28,57;0;0;10;1
49;Semisch Malte;GWD;GK;0;0;30;0,6;30;1;10;0,25;10;1;0;0
49;Lichtlein Carsten;GWD;GK;0;0;20;0,5;20;1;0;0;10;0,25;0;0
49;Asheim Havard;NLB;GK;0;0;0;0;0;0;0;0;0;0;0;0
50;Milosavljev Dejan;BER;GK;0;0;10;0,2;70;43,75;50;55,56;30;42,86;10;0,2
50;Landin Jacobsen Niklas;THW;GK;0;0;10;0,1;60;54,55;0;0;10;0,2;0;0
50;Quenstedt Dario;THW;GK;0;0;0;0;0;0;0;0;0;0;0;0
50;Genz Fredrik;BER;GK;0;0;0;0;0;0;0;0;0;0;0;0
51;M?ller Kevin;SGF;GK;0;0;30;33,33;30;0,5;10;0,2;10;0,2;0;0
51;Vortmann Jens;HSV;GK;0;0;50;55,56;0;0;10;16,67;0;0;0;0
51;Buric Benjamin;SGF;GK;0;0;30;0,6;20;1;10;0,5;0;0;0;0
51;Bitter Johannes;HSV;GK;0;0;0;0;20;1;10;0,25;0;0;0;0
52;Thulin Tobias;TVB;GK;10;1;20;28,57;10;14,29;10;1,25;20;28,57;20;0,2
52;Saeveraas Kristian Skinstad;LEI;GK;0;0;10;0,25;30;42,86;0;0;10;1;0;0
52;Birlehm Joel;LEI;GK;10;0,5;0;0;10;33,33;10;0,5;0;0;0;0
52;Prost Primoz;TVB;GK;0;0;0;0;0;0;0;0;0;0;0;0
53;Mrkva Tomas;BHC;GK;10;0,5;110;61,11;20;22,22;30;42,86;0;0;0;0
53;Katsigiannis Nikolas;RNL;GK;0;0;40;33,33;40;36,36;20;0,5;0;0;0;0
53;Rudeck Christopher;BHC;GK;0;0;0;0;0;0;0;0;0;0;0;0
53;Spath David;RNL;GK;0;0;0;0;0;0;0;0;0;0;0;0
54;Lesjak Urban;HAN;GK;10;0,2;60;35,29;10;33,33;10;33,33;0;0;20;66,67
54;Milosavljev Dejan;BER;GK;0;0;30;0,25;40;66,67;20;0,25;10;33,33;0;0
54;Ritschel Matthias;HAN;GK;0;0;0;0;0;0;0;0;0;0;0;0
54;Genz Fredrik;BER;GK;0;0;0;0;0;0;0;0;0;0;0;0
55;Simic Nebojsa;MTM;GK;10;0,2;50;35,71;50;6,25;10;0,25;0;0;30;42,86
55;Rebmann Daniel;FAG;GK;0;0;20;14,29;80;72,73;20;0,25;10;33,33;0;0
55;Heinevetter Silvio;MTM;GK;0;0;0;0;0;0;0;0;0;0;0;0
55;Klein Sebastian;FAG;GK;0;0;0;0;0;0;0;0;0;0;0;0
56;Ferlin Klemen;HCE;GK;10;0,25;10;0,2;90;0,75;30;42,86;0;0;0;0
56;Rezar Aljosa;NLB;GK;20;66,67;0;0;40;30,77;10;0,25;0;0;10;0,25
56;Asheim Havard;NLB;GK;0;0;0;0;30;1;0;0;0;0;0;0
56;Ziemer Martin;HCE;GK;0;0;0;0;0;0;0;0;0;0;0;0
57;M?ller Kevin;SGF;GK;10;0,25;10;11,11;10;11,11;30;0,75;10;1;0;0
57;Buric Benjamin;SGF;GK;0;0;0;0;50;0,5;0;0;0;0;0;0
57;Green Krejberg Jannick;SCM;GK;0;0;0;0;20;0,5;0;0;20;0,5;0;0
57;Jensen Mike;SCM;GK;0;0;0;0;10;14,29;30;0,5;0;0;0;0
58;Zecher Finn;TBV;GK;0;0;30;27,27;70;63,64;40;66,67;20;66,67;0;0
58;Landin Jacobsen Niklas;THW;GK;20;0,5;50;38,46;20;1;30;3,75;0;0;10;0,25
58;Quenstedt Dario;THW;GK;0;0;0;0;0;0;0;0;0;0;0;0
58;Muhlenstadt Timon;TBV;GK;0;0;0;0;0;0;0;0;0;0;0;0
59;Thulin Tobias;TVB;GK;0;0;10;8,33;80;72,73;20;0,4;10;0,2;40;0,5
59;Ruminsky Mario;HBW;GK;10;33,33;50;0,5;30;0,6;10;33,33;0;0;0;0
59;Sejr Jensen Simon;HBW;GK;0;0;0;0;10;0,25;0;0;0;0;0;0
59;Prost Primoz;TVB;GK;0;0;0;0;0;0;0;0;0;0;0;0
60;Bitter Johannes;HSV;GK;0;0;50;35,71;20;0,25;40;66,67;30;27,27;10;0,5
60;Semisch Malte;GWD;GK;10;33,33;40;28,57;0;0;30;3,75;0;0;0;0
60;Lichtlein Carsten;GWD;GK;10;1;0;0;0;0;0;0;0;0;10;0,5
60;Grundel Finn Luca;HSV;GK;0;0;0;0;0;0;0;0;0;0;0;0
61;Heinevetter Silvio;MTM;GK;0;0;50;6,25;60;0,5;0;0;10;0,2;0;0
61;Mrkva Tomas;BHC;GK;10;1;10;16,67;40;57,14;0;0;10;0,5;0;0
61;Rudeck Christopher;BHC;GK;0;0;30;0,25;0;0;0;0;0;0;0;0
61;Simic Nebojsa;MTM;GK;0;0;0;0;0;0;0;0;0;0;0;0
62;Saeveraas Kristian Skinstad;LEI;GK;0;0;40;44,44;30;42,86;30;1;30;33,33;10;33,33
62;Rebmann Daniel;FAG;GK;20;66,67;0;0;20;0,2;10;1;10;0,2;0;0
62;Kastelic Urh;FAG;GK;0;0;10;33,33;0;0;0;0;0;0;10;0,5
62;Klein Sebastian;FAG;GK;10;0,5;10;1;0;0;0;0;0;0;0;0
62;Birlehm Joel;LEI;GK;0;0;0;0;0;0;0;0;0;0;0;0
63;Ferlin Klemen;HCE;GK;10;33,33;50;0,25;30;0,3;30;42,86;10;0,25;0;0
63;Lesjak Urban;HAN;GK;0;0;0;0;60;33,33;20;0,4;0;0;0;0
63;Ziemer Martin;HCE;GK;0;0;0;0;0;0;0;0;0;0;0;0
63;Ritschel Matthias;HAN;GK;0;0;0;0;0;0;0;0;0;0;0;0
64;Bitter Johannes;HSV;GK;10;33,33;40;36,36;50;41,67;0;0;30;1;20;28,57
64;Ruminsky Mario;HBW;GK;10;16,67;20;0,4;30;0,6;10;16,67;0;0;0;0
64;Sejr Jensen Simon;HBW;GK;0;0;0;0;10;33,33;0;0;0;0;0;0
64;Vortmann Jens;HSV;GK;0;0;0;0;0;0;0;0;0;0;0;0
65;Green Krejberg Jannick;SCM;GK;0;0;50;71,43;50;35,71;30;3,75;10;14,29;0;0
65;Landin Jacobsen Niklas;THW;GK;10;0,25;10;14,29;50;6,25;40;0,8;20;18,18;0;0
65;Quenstedt Dario;THW;GK;0;0;0;0;0;0;0;0;0;0;0;0
65;Jensen Mike;SCM;GK;0;0;0;0;0;0;0;0;0;0;0;0
66;Buric Benjamin;SGF;GK;0;0;0;0;50;41,67;40;66,67;0;0;0;0
66;Thulin Tobias;TVB;GK;10;33,33;20;66,67;10;14,29;10;1,25;0;0;0;0
66;Prost Primoz;TVB;GK;0;0;0;0;0;0;10;0,25;0;0;0;0
66;M?ller Kevin;SGF;GK;0;0;0;0;10;1;0;0;0;0;0;0
67;Milosavljev Dejan;BER;GK;0;0;50;41,67;30;0,6;20;22,22;0;0;0;0
67;Rezar Aljosa;NLB;GK;0;0;0;0;20;66,67;10;1;0;0;20;66,67
67;Asheim Havard;NLB;GK;0;0;20;0,25;10;33,33;20;0,25;0;0;0;0
67;Genz Fredrik;BER;GK;0;0;0;0;0;0;0;0;0;0;0;0
68;Suljakovic Anadin;WET;GK;0;0;30;0,3;20;0,4;40;57,14;0;0;40;57,14
68;Palicka Andreas;RNL;GK;0;0;50;27,78;20;0,4;30;42,86;0;0;0;0
68;Klimpke Till;WET;GK;0;0;0;0;0;0;0;0;10;1;0;0
68;Katsigiannis Nikolas;RNL;GK;0;0;0;0;0;0;0;0;0;0;0;0
68;Spath David;RNL;GK;0;0;0;0;0;0;0;0;0;0;0;0
69;Zecher Finn;TBV;GK;0;0;20;0,2;30;0,6;20;0,5;10;0,25;0;0
69;Semisch Malte;GWD;GK;10;0,5;20;16,67;20;1;20;22,22;0;0;0;0
69;Johannesson Peter;TBV;GK;0;0;0;0;20;0,5;0;0;0;0;0;0
69;Lichtlein Carsten;GWD;GK;0;0;0;0;0;0;0;0;0;0;0;0
70;Lesjak Urban;HAN;GK;0;0;30;17,65;10;0,5;10;33,33;20;33,33;0;0
70;Semisch Malte;GWD;GK;0;0;10;8,33;20;0,5;20;0,5;10;33,33;0;0
70;Lichtlein Carsten;GWD;GK;0;0;10;0,2;10;33,33;0;0;0;0;0;0
70;Ritschel Matthias;HAN;GK;0;0;0;0;0;0;0;0;0;0;0;0
71;Sejr Jensen Simon;HBW;GK;0;0;40;33,33;30;0,75;10;0,2;10;0,2;20;0,25
71;Palicka Andreas;RNL;GK;0;0;50;55,56;20;0,5;20;0,4;0;0;0;0
71;Spath David;RNL;GK;10;1;20;0,4;10;0,5;0;0;0;0;0;0
71;Ruminsky Mario;HBW;GK;0;0;10;0,5;0;0;0;0;0;0;0;0
72;Rudeck Christopher;BHC;GK;20;66,67;0;0;100;66,67;40;1;0;0;0;0
72;Saeveraas Kristian Skinstad;LEI;GK;0;0;0;0;30;33,33;0;0;10;0,25;0;0
72;Birlehm Joel;LEI;GK;0;0;10;0,5;20;0,4;0;0;0;0;0;0
72;Mrkva Tomas;BHC;GK;0;0;0;0;0;0;0;0;0;0;0;0
73;Rezar Aljosa;NLB;GK;0;0;20;0,5;50;41,67;10;14,29;10;1;0;0
73;Landin Jacobsen Niklas;THW;GK;0;0;10;0,2;20;0,25;20;0,4;10;33,33;0;0
73;Quenstedt Dario;THW;GK;10;0,5;20;66,67;0;0;0;0;0;0;0;0
73;Asheim Havard;NLB;GK;10;0,25;0;0;10;1;0;0;10;1;0;0
74;Kastelic Urh;FAG;GK;0;0;20;0,2;50;83,33;10;33,33;0;0;0;0
74;Buric Benjamin;SGF;GK;0;0;40;28,57;10;1;0;0;0;0;0;0
74;M?ller Kevin;SGF;GK;0;0;20;0,25;0;0;0;0;0;0;0;0
74;Rebmann Daniel;FAG;GK;10;33,33;0;0;0;0;0;0;0;0;0;0
75;Green Krejberg Jannick;SCM;GK;20;66,67;0;0;50;45,45;10;0,2;20;33,33;0;0
75;Ziemer Martin;HCE;GK;10;0,25;0;0;20;0,5;30;0,5;0;0;0;0
75;Ferlin Klemen;HCE;GK;0;0;0;0;40;44,44;10;0,5;0;0;0;0
75;Jensen Mike;SCM;GK;10;1;0;0;0;0;0;0;10;1;0;0
76;Milosavljev Dejan;BER;GK;10;33,33;20;16,67;50;55,56;20;28,57;20;33,33;0;0
76;Zecher Finn;TBV;GK;0;0;20;0,4;20;33,33;20;1;10;33,33;0;0
76;Johannesson Peter;TBV;GK;0;0;40;26,67;0;0;0;0;0;0;0;0
76;Genz Fredrik;BER;GK;0;0;0;0;0;0;0;0;0;0;0;0
77;Suljakovic Anadin;WET;GK;0;0;0;0;60;0,6;10;0,2;0;0;0;0
77;Thulin Tobias;TVB;GK;0;0;20;14,29;30;27,27;0;0;0;0;0;0
77;Prost Primoz;TVB;GK;0;0;10;1;10;1;0;0;0;0;0;0
77;Klimpke Till;WET;GK;0;0;0;0;20;0,5;0;0;0;0;0;0
78;Vortmann Jens;HSV;GK;20;66,67;60;0,5;0;0;20;33,33;20;0,5;10;0,5
78;Thulin Tobias;TVB;GK;20;0,5;0;0;10;0,2;0;0;0;0;0;0
78;Bitter Johannes;HSV;GK;0;0;0;0;0;0;10;33,33;0;0;0;0
78;Prost Primoz;TVB;GK;0;0;10;16,67;0;0;0;0;0;0;0;0
79;Buric Benjamin;SGF;GK;0;0;30;3,75;100;55,56;10;0,25;10;33,33;0;0
79;Milosavljev Dejan;BER;GK;0;0;20;0,4;20;0,4;0;0;0;0;0;0
79;Genz Fredrik;BER;GK;0;0;10;33,33;10;1,25;0;0;0;0;0;0
79;M?ller Kevin;SGF;GK;0;0;0;0;0;0;0;0;0;0;0;0
80;Johannesson Peter;TBV;GK;0;0;70;46,67;30;27,27;10;0,25;10;1,25;0;0
80;Palicka Andreas;RNL;GK;0;0;20;0,2;10;0,5;0;0;0;0;10;11,11
80;Spath David;RNL;GK;0;0;0;0;10;1;10;0,5;0;0;0;0
80;Zecher Finn;TBV;GK;0;0;0;0;0;0;0;0;0;0;0;0
81;Semisch Malte;GWD;GK;10;0,2;40;36,36;30;42,86;20;0,25;10;0,5;0;0
81;Heinevetter Silvio;MTM;GK;10;0,25;0;0;30;27,27;20;0,5;30;0,75;0;0
81;Simic Nebojsa;MTM;GK;0;0;0;0;20;33,33;0;0;0;0;0;0
81;Lichtlein Carsten;GWD;GK;0;0;0;0;0;0;0;0;0;0;0;0
82;Suljakovic Anadin;WET;GK;0;0;70;53,85;30;0,75;10;0,5;0;0;10;16,67
82;Rezar Aljosa;NLB;GK;10;0,25;10;0,2;10;14,29;20;0,5;0;0;0;0
82;Klimpke Till;WET;GK;0;0;0;0;0;0;10;33,33;0;0;0;0
82;Asheim Havard;NLB;GK;0;0;0;0;0;0;0;0;0;0;0;0
83;Rebmann Daniel;FAG;GK;10;0,2;50;45,45;50;55,56;30;0,6;10;0,25;0;0
83;Jensen Mike;SCM;GK;40;57,14;40;57,14;10;0,5;0;0;10;0,5;0;0
83;Green Krejberg Jannick;SCM;GK;0;0;0;0;0;0;10;0,25;0;0;0;0
83;Kastelic Urh;FAG;GK;0;0;0;0;0;0;0;0;0;0;0;0
84;Birlehm Joel;LEI;GK;10;33,33;10;16,67;30;33,33;10;0,2;10;14,29;0;0
84;Lesjak Urban;HAN;GK;0;0;0;0;20;0,4;10;14,29;10;0,2;10;0,2
84;Ritschel Matthias;HAN;GK;0;0;0;0;0;0;0;0;0;0;0;0
84;Saeveraas Kristian Skinstad;LEI;GK;0;0;0;0;0;0;0;0;0;0;0;0
85;Landin Jacobsen Niklas;THW;GK;0;0;20;66,67;80;0,4;10;0,2;20;66,67;10;33,33
85;Mrkva Tomas;BHC;GK;10;0,5;30;3,75;50;83,33;0;0;10;0,25;20;0,5
85;Rudeck Christopher;BHC;GK;0;0;10;33,33;0;0;0;0;0;0;0;0
85;Quenstedt Dario;THW;GK;0;0;0;0;0;0;0;0;0;0;0;0
86;Ferlin Klemen;HCE;GK;10;0,5;10;16,67;50;55,56;10;16,67;10;0,25;0;0
86;Ruminsky Mario;HBW;GK;0;0;10;33,33;0;0;10;33,33;10;0,5;0;0
86;Sejr Jensen Simon;HBW;GK;0;0;0;0;20;22,22;0;0;0;0;10;1
86;Ziemer Martin;HCE;GK;0;0;0;0;0;0;0;0;0;0;0;0
87;Heinevetter Silvio;MTM;GK;10;33,33;50;45,45;60;46,15;30;0,75;30;42,86;10;0,25
87;Thulin Tobias;TVB;GK;0;0;30;21,43;20;33,33;10;33,33;0;0;10;14,29
87;Simic Nebojsa;MTM;GK;0;0;0;0;0;0;0;0;0;0;0;0
87;Scheiner Joshua;TVB;GK;0;0;0;0;0;0;0;0;0;0;0;0
88;Semisch Malte;GWD;GK;10;0,5;20;0,25;70;77,78;60;0,4;0;0;0;0
88;Kastelic Urh;FAG;GK;10;33,33;30;27,27;0;0;10;0,2;20;1;0;0
88;Rebmann Daniel;FAG;GK;0;0;10;0,2;10;33,33;0;0;0;0;0;0
88;Lichtlein Carsten;GWD;GK;0;0;0;0;0;0;0;0;0;0;0;0
89;Rezar Aljosa;NLB;GK;30;0,5;20;0,25;10;16,67;0;0;0;0;10;0,5
89;Johannesson Peter;TBV;GK;0;0;10;14,29;20;28,57;0;0;10;0,5;0;0
89;Zecher Finn;TBV;GK;0;0;0;0;20;66,67;0;0;0;0;0;0
89;Asheim Havard;NLB;GK;10;33,33;0;0;0;0;10;33,33;0;0;0;0
90;M?ller Kevin;SGF;GK;0;0;0;0;50;0,5;30;1;10;1;0;0
90;Buric Benjamin;SGF;GK;0;0;20;0,5;30;27,27;0;0;10;0,25;0;0
90;Palicka Andreas;RNL;GK;0;0;20;66,67;10;6,67;0;0;0;0;20;0,5
90;Katsigiannis Nikolas;RNL;GK;0;0;10;0,5;0;0;0;0;0;0;0;0
91;Milosavljev Dejan;BER;GK;0;0;0;0;60;3,75;10;0,2;20;0,4;10;14,29
91;Green Krejberg Jannick;SCM;GK;0;0;20;28,57;40;57,14;0;0;0;0;0;0
91;Jensen Mike;SCM;GK;0;0;10;0,5;10;33,33;0;0;0;0;10;0,5
91;Genz Fredrik;BER;GK;0;0;0;0;0;0;0;0;0;0;0;0
92;Lesjak Urban;HAN;GK;10;0,2;10;16,67;40;36,36;10;0,25;30;33,33;10;0,2
92;Landin Jacobsen Niklas;THW;GK;20;66,67;20;33,33;40;0,5;10;33,33;10;0,2;0;0
92;Quenstedt Dario;THW;GK;0;0;0;0;30;0,6;0;0;0;0;0;0
92;Ritschel Matthias;HAN;GK;0;0;0;0;0;0;0;0;0;0;0;0
93;Saeveraas Kristian Skinstad;LEI;GK;0;0;50;0,5;40;0,5;40;66,67;10;0,1;10;0,25
93;Suljakovic Anadin;WET;GK;0;0;10;0,25;20;66,67;40;57,14;0;0;0;0
93;Klimpke Till;WET;GK;0;0;20;0,5;0;0;0;0;0;0;0;0
93;Birlehm Joel;LEI;GK;0;0;0;0;0;0;0;0;0;0;0;0
94;Ferlin Klemen;HCE;GK;0;0;40;44,44;70;43,75;20;1;40;57,14;10;33,33
94;Bitter Johannes;HSV;GK;10;0,25;10;1,25;50;33,33;20;66,67;10;0,5;0;0
94;Vortmann Jens;HSV;GK;10;0,5;0;0;0;0;0;0;0;0;0;0
94;Ziemer Martin;HCE;GK;10;0,5;0;0;0;0;0;0;0;0;0;0
95;Ruminsky Mario;HBW;GK;0;0;0;0;90;0,45;10;16,67;20;0,4;10;0,5
95;Rudeck Christopher;BHC;GK;0;0;0;0;50;45,45;0;0;10;0,25;10;0,25
95;Mrkva Tomas;BHC;GK;0;0;0;0;0;0;0;0;10;0,5;0;0
95;Sejr Jensen Simon;HBW;GK;0;0;0;0;0;0;0;0;0;0;0;0
96;Semisch Malte;GWD;GK;0;0;30;3,75;40;44,44;30;27,27;0;0;0;0
96;Katsigiannis Nikolas;RNL;GK;0;0;30;21,43;30;0,6;10;0,25;0;0;0;0
96;Lichtlein Carsten;GWD;GK;0;0;0;0;0;0;0;0;0;0;0;0
96;Palicka Andreas;RNL;GK;0;0;0;0;0;0;0;0;0;0;0;0
97;Klimpke Till;WET;GK;0;0;20;66,67;60;54,55;0;0;0;0;0;0
97;Sejr Jensen Simon;HBW;GK;10;0,2;10;0,2;30;33,33;10;0,5;0;0;10;33,33
97;Ruminsky Mario;HBW;GK;0;0;0;0;10;0,25;0;0;0;0;10;0,5
97;Suljakovic Anadin;WET;GK;0;0;0;0;10;33,33;0;0;0;0;0;0
98;Rudeck Christopher;BHC;GK;0;0;30;0,3;60;54,55;0;0;20;0,25;10;33,33
98;Ziemer Martin;HCE;GK;0;0;40;0,4;20;66,67;10;33,33;0;0;0;0
98;Mrkva Tomas;BHC;GK;0;0;0;0;0;0;0;0;0;0;0;0
98;Ferlin Klemen;HCE;GK;0;0;0;0;0;0;0;0;0;0;0;0
99;Bitter Johannes;HSV;GK;10;33,33;30;27,27;50;45,45;10;0,2;0;0;0;0
99;Zecher Finn;TBV;GK;20;66,67;20;0,2;0;0;10;1;0;0;0;0
99;Johannesson Peter;TBV;GK;0;0;10;33,33;10;33,33;10;1;0;0;0;0
99;Vortmann Jens;HSV;GK;0;0;10;0,5;0;0;0;0;0;0;0;0
100;Milosavljev Dejan;BER;GK;10;33,33;10;8,33;40;0,5;20;28,57;10;16,67;0;0
100;Thulin Tobias;TVB;GK;10;0,25;0;0;60;66,67;0;0;0;0;0;0
100;Prost Primoz;TVB;GK;0;0;0;0;0;0;0;0;0;0;0;0
100;Genz Fredrik;BER;GK;0;0;0;0;0;0;0;0;0;0;0;0
101;Heinevetter Silvio;MTM;GK;30;0,75;30;42,86;10;16,67;10;0,5;20;28,57;20;0,25
101;Saeveraas Kristian Skinstad;LEI;GK;0;0;50;45,45;40;33,33;20;0,5;0;0;10;0,2
101;Simic Nebojsa;MTM;GK;0;0;0;0;0;0;0;0;0;0;0;0
101;Birlehm Joel;LEI;GK;0;0;0;0;0;0;0;0;0;0;0;0
102;Landin Jacobsen Niklas;THW;GK;10;33,33;60;3,75;40;0,5;40;0,5;0;0;0;0
102;Kastelic Urh;FAG;GK;0;0;20;14,29;20;0,4;20;0,5;0;0;0;0
102;Rebmann Daniel;FAG;GK;0;0;0;0;0;0;0;0;10;1;0;0
102;Quenstedt Dario;THW;GK;0;0;0;0;0;0;0;0;0;0;0;0
103;Heinevetter Silvio;MTM;GK;0;0;20;0,5;60;0,6;10;1;10;16,67;0;0
103;Katsigiannis Nikolas;RNL;GK;10;1;10;16,67;30;0,3;30;3,75;10;0,5;0;0
103;Simic Nebojsa;MTM;GK;10;0,5;0;0;10;16,67;0;0;10;0,25;0;0
103;Grupe Mats;RNL;GK;0;0;10;0,2;20;66,67;0;0;0;0;0;0
104;Pesic Ivan;TVB;GK;20;0,5;0;0;40;0,4;10;0,25;10;14,29;0;0
104;Ziemer Martin;HCE;GK;0;0;20;66,67;20;0,2;10;1,25;0;0;10;0,2
104;Boieck Janis;HCE;GK;0;0;0;0;10;33,33;10;1;0;0;0;0
104;Thulin Tobias;TVB;GK;0;0;0;0;0;0;0;0;0;0;0;0
105;Kastelic Urh;FAG;GK;10;0,5;10;33,33;50;31,25;0;0;20;22,22;0;0
105;Ruminsky Mario;HBW;GK;10;0,25;0;0;40;44,44;10;0,25;10;0,5;10;0,2
105;Sejr Jensen Simon;HBW;GK;10;0,5;10;33,33;10;16,67;0;0;0;0;0;0
105;Klein Sebastian;FAG;GK;0;0;0;0;0;0;0;0;0;0;0;0
106;Bitter Johannes;HSV;GK;0;0;20;16,67;30;0,5;10;0,25;0;0;10;0,5
106;Vortmann Jens;HSV;GK;0;0;30;0,5;10;0,5;0;0;0;0;0;0
106;Asheim Havard;NLB;GK;10;0,25;0;0;10;0,2;10;0,2;0;0;0;0
106;Rezar Aljosa;NLB;GK;0;0;0;0;10;16,67;10;0,5;0;0;0;0
107;Milosavljev Dejan;BER;GK;0;0;30;0,6;120;0,8;10;1;0;0;10;33,33
107;Rudeck Christopher;BHC;GK;0;0;10;0,2;20;0,25;0;0;10;0,25;0;0
107;Mrkva Tomas;BHC;GK;0;0;10;33,33;20;0,5;0;0;0;0;0;0
107;Genz Fredrik;BER;GK;0;0;0;0;10;0,2;0;0;10;0,5;0;0
108;Landin Jacobsen Niklas;THW;GK;0;0;50;31,25;40;57,14;20;28,57;20;0,4;0;0
108;Saeveraas Kristian Skinstad;LEI;GK;0;0;20;28,57;20;28,57;10;0,25;0;0;10;33,33
108;Birlehm Joel;LEI;GK;10;33,33;0;0;10;0,25;10;0,5;0;0;0;0
108;Quenstedt Dario;THW;GK;0;0;0;0;0;0;0;0;0;0;0;0
109;Suljakovic Anadin;WET;GK;0;0;40;0,5;50;35,71;30;3,75;0;0;10;0,5
109;M?ller Kevin;SGF;GK;0;0;10;0,5;10;7,69;0;0;20;66,67;0;0
109;Buric Benjamin;SGF;GK;10;0,5;20;0,5;0;0;0;0;0;0;0;0
109;Klimpke Till;WET;GK;0;0;0;0;0;0;0;0;0;0;0;0
110;Lesjak Urban;HAN;GK;10;0,25;20;16,67;80;61,54;10;14,29;20;1;0;0
110;Zecher Finn;TBV;GK;10;1;10;7,69;50;31,25;0;0;10;0,25;0;0
110;Ritschel Matthias;HAN;GK;0;0;0;0;0;0;0;0;0;0;0;0
110;Muhlenstadt Timon;TBV;GK;0;0;0;0;0;0;0;0;0;0;0;0
111;Semisch Malte;GWD;GK;10;0,25;20;18,18;50;41,67;20;28,57;0;0;0;0
111;Jensen Mike;SCM;GK;0;0;10;16,67;10;1;20;66,67;10;0,5;0;0
111;Green Krejberg Jannick;SCM;GK;0;0;20;22,22;0;0;0;0;0;0;10;0,25
111;Lichtlein Carsten;GWD;GK;10;0,5;0;0;0;0;0;0;0;0;0;0
112;Birlehm Joel;LEI;GK;10;0,5;30;42,86;70;0,5;20;0,4;0;0;10;0,2
112;Sejr Jensen Simon;HBW;GK;10;0,5;20;18,18;30;0,5;10;0,5;10;0,2;0;0
112;Saeveraas Kristian Skinstad;LEI;GK;0;0;0;0;0;0;0;0;0;0;0;0
112;Baranasic Filip;HBW;GK;0;0;0;0;0;0;0;0;0;0;0;0
113;Pesic Ivan;TVB;GK;0;0;60;33,33;30;42,86;30;27,27;20;0,5;0;0
113;Lichtlein Carsten;GWD;GK;10;0,25;0;0;10;14,29;10;0,2;20;0,4;10;33,33
113;Semisch Malte;GWD;GK;10;0,5;0;0;10;0,5;10;33,33;10;1;0;0
113;Thulin Tobias;TVB;GK;0;0;0;0;0;0;0;0;0;0;0;0
114;Buric Benjamin;SGF;GK;20;0,4;40;0,5;50;45,45;10;0,25;0;0;0;0
114;Mrkva Tomas;BHC;GK;0;0;30;0,25;10;33,33;20;66,67;0;0;10;0,2
114;Rudeck Christopher;BHC;GK;0;0;0;0;0;0;0;0;0;0;0;0
114;M?ller Kevin;SGF;GK;0;0;0;0;0;0;0;0;0;0;0;0
115;Landin Jacobsen Niklas;THW;GK;10;33,33;30;33,33;30;0,6;50;6,25;10;0,2;0;0
115;Vortmann Jens;HSV;GK;0;0;20;22,22;20;28,57;10;33,33;20;66,67;0;0
115;Bitter Johannes;HSV;GK;0;0;0;0;10;0,25;10;1;0;0;0;0
115;Quenstedt Dario;THW;GK;0;0;0;0;10;33,33;0;0;0;0;0;0
116;Zecher Finn;TBV;GK;10;0,5;30;21,43;70;0,7;20;33,33;0;0;0;0
116;Green Krejberg Jannick;SCM;GK;0;0;20;28,57;30;0,5;40;0,4;0;0;0;0
116;Jensen Mike;SCM;GK;10;0,5;0;0;0;0;0;0;0;0;0;0
116;Muhlenstadt Timon;TBV;GK;0;0;0;0;0;0;0;0;0;0;0;0
117;Lesjak Urban;HAN;GK;10;1;60;35,29;10;0,25;10;0,2;20;66,67;0;0
117;Rezar Aljosa;NLB;GK;20;66,67;30;27,27;0;0;50;41,67;0;0;0;0
117;Ebner Domenico;HAN;GK;10;1;0;0;0;0;0;0;0;0;0;0
117;Asheim Havard;NLB;GK;0;0;0;0;0;0;0;0;0;0;0;0
118;Simic Nebojsa;MTM;GK;0;0;60;46,15;50;38,46;10;0,2;20;0,25;10;0,2
118;Klimpke Till;WET;GK;0;0;40;28,57;20;0,4;10;0,25;0;0;0;0
118;Suljakovic Anadin;WET;GK;10;0,5;10;0,5;0;0;0;0;0;0;0;0
118;Heinevetter Silvio;MTM;GK;0;0;0;0;0;0;0;0;0;0;0;0
119;Kastelic Urh;FAG;GK;10;33,33;20;0,2;60;66,67;20;0,4;10;0,2;10;0,2
119;Hassferter Michael;HCE;GK;0;0;10;0,2;10;33,33;0;0;10;0,5;0;0
119;Ziemer Martin;HCE;GK;0;0;10;1,25;0;0;0;0;0;0;0;0
119;Rebmann Daniel;FAG;GK;0;0;0;0;0;0;10;1;0;0;0;0
119;Ziemer Martin;HCE;GK;0;0;0;0;80;0,4;10;0,25;10;0,2;10;0,5
120;Klimpke Till;WET;GK;0;0;0;0;50;55,56;10;0,5;10;16,67;0;0
120;Suljakovic Anadin;WET;GK;0;0;0;0;10;0,2;0;0;0;0;0;0
120;Hassferter Michael;HCE;GK;0;0;0;0;0;0;0;0;0;0;0;0
121;Green Krejberg Jannick;SCM;GK;0;0;60;35,29;30;3,75;10;0,25;10;0,25;0;0
121;Ebner Domenico;HAN;GK;10;1;20;33,33;0;0;20;0,5;0;0;0;0
121;Lesjak Urban;HAN;GK;10;0,5;10;11,11;20;0,4;0;0;10;16,67;0;0
121;Jensen Mike;SCM;GK;0;0;0;0;0;0;0;0;10;0,5;0;0
122;Semisch Malte;GWD;GK;10;1;20;28,57;50;0,5;10;0,2;20;28,57;20;0,5
122;Rudeck Christopher;BHC;GK;0;0;10;0,2;20;66,67;0;0;10;1;0;0
122;Mrkva Tomas;BHC;GK;0;0;0;0;20;1;0;0;0;0;10;0,25
122;Lichtlein Carsten;GWD;GK;0;0;0;0;0;0;0;0;0;0;0;0
123;Heinevetter Silvio;MTM;GK;0;0;10;0,25;40;33,33;30;0,5;10;0,25;0;0
123;Ruminsky Mario;HBW;GK;0;0;0;0;20;18,18;30;0,75;0;0;0;0
123;Simic Nebojsa;MTM;GK;0;0;10;1;20;1;0;0;0;0;0;0
123;Baranasic Filip;HBW;GK;0;0;0;0;0;0;0;0;0;0;0;0
124;Spohn Valentin;NLB;LB;;0;;66,67;;57,14;;0;;0;;0
124;Petreikis Benas;NLB;CB;;0;;8,75;;0;;0;;0;;0
124;Kristjansson Viggo;TVB;RB;;0,5;;0,8;;33,33;;0;;0;;0
124;Lonn Adam;TVB;LB;;0;;1;;57,14;;0;;0;;0
124;Skroblien Tom;NLB;LW;;0,75;;0;;0;;0;;0;;1
124;Augustinussen Sebastian;TVB;RW;;0;;0;;1;;0,5;;0;;0
124;Hanusz Egon;TVB;CB;;0;;0;;0;;0;;1;;0
124;Peshevski Zarko;TVB;P;;0;;0;;0;;0;;1;;0
124;Speckmann Jan-Eric;NLB;LW;;0;;0;;0;;1;;1;;0
124;Mrakovcic Luka;NLB;CB;;0;;66,67;;0;;0;;0;;0
124;Zieker Patrick;TVB;LW;;0;;0;;0;;0;;0;;1
124;Nissen Marek;NLB;LB;;0;;1;;33,33;;0;;0;;0
124;Muller Jerome;TVB;RB;;0;;1;;0;;0;;0;;0
124;Strosack Peter;NLB;RW;;0;;0;;0;;1;;0;;0
124;Rothlisberger Samuel;TVB;P;;0;;0;;0;;0;;0,5;;0
124;Petrovsky Leos;NLB;P;;0;;0;;0;;0;;0,5;;0
124;Meschke Benjamin;TVB;P;;0;;0;;0;;0;;0;;0
124;Drager Yannick;NLB;P;;0;;0;;0;;0;;0;;0
124;Weiss Dominik;TVB;LB;;0;;0;;0;;0;;0;;0
124;Franke Marten;NLB;RW;;0;;0;;0;;0;;0;;0
124;Mundus Marvin;NLB;RW;;0;;0;;0;;0;;0;;0
124;Schulze Alexander;TVB;LW;;0;;0;;0;;0;;0;;0
124;Pfattheicher Sascha;TVB;RW;;0;;0;;0;;0;;0;;0
124;Runarsson Andri Mar;TVB;CB;;0;;0;;0;;0;;0;;0
124;Kontrec Tin;NLB;P;;0;;0;;0;;0;;0;;0
125;Katsigiannis Nikolas;RNL;GK;10;0,2;10;9,09;50;55,56;0;0;10;0,2;20;0,4
125;Landin Jacobsen Niklas;THW;GK;0;0;10;33,33;0;0;40;0,8;0;0;0;0
125;Quenstedt Dario;THW;GK;0;0;0;0;40;57,14;0;0;0;0;0;0
125;Grupe Mats;RNL;GK;0;0;10;1;0;0;0;0;10;0,5;0;0
126;M?ller Kevin;SGF;GK;20;0,5;60;42,86;70;63,64;30;0,5;10;33,33;0;0
126;Saeveraas Kristian Skinstad;LEI;GK;0;0;30;42,86;10;16,67;0;0;0;0;0;0
126;Birlehm Joel;LEI;GK;0;0;10;0,5;0;0;0;0;0;0;0;0
126;Buric Benjamin;SGF;GK;0;0;0;0;0;0;0;0;0;0;0;0
127;Bitter Johannes;HSV;GK;0;0;40;28,57;50;71,43;20;33,33;10;33,33;10;14,29
127;Milosavljev Dejan;BER;GK;0;0;0;0;30;27,27;0;0;10;33,33;0;0
127;Vortmann Jens;HSV;GK;0;0;0;0;0;0;0;0;0;0;0;0
127;Ludwig Lasse;BER;GK;0;0;0;0;0;0;0;0;0;0;0;0
128;Kastelic Urh;FAG;GK;10;33,33;10;1,25;50;33,33;10;1,25;10;0,2;0;0
128;Zecher Finn;TBV;GK;0;0;10;14,29;20;0,4;10;1;10;14,29;0;0
128;Buchele Julian;FAG;GK;0;0;0;0;10;1;10;1;0;0;0;0
128;Muhlenstadt Timon;TBV;GK;0;0;0;0;0;0;0;0;0;0;10;1
129;Spohn Valentin;NLB;LB;;0;;66,67;;71,43;;0;;0;;0
129;Gensheimer Uwe;RNL;LW;;1;;0;;0;;1;;0;;1
129;Groetzki Patrick;RNL;RW;;0;;0;;0;;1;;0;;1
129;Ahouansou Philipp;RNL;LB;;0;;83,33;;0,5;;0;;0;;0
129;Zacharias Lion;RNL;LW;;1;;0;;0;;1;;0;;1
129;Kontrec Tin;NLB;P;;0;;0;;0;;0;;1;;1
129;Kohlbacher Jannik;RNL;P;;0;;0;;0;;0;;1;;0
129;Petreikis Benas;NLB;CB;;0;;1;;0;;0;;0;;0
129;Speckmann Jan-Eric;NLB;LW;;0;;0;;0;;0,5;;0;;1
129;Knorr Juri;RNL;CB;;0;;1;;0,5;;0;;0;;0
129;Strosack Peter;NLB;RW;;0;;0;;0;;1;;0;;0,5
129;Horzen Kristjan;RNL;P;;0;;0;;0;;0;;0,5;;0
129;Petrovsky Leos;NLB;P;;0;;0;;0;;0;;1;;0
129;Nissen Marek;NLB;LB;;0;;1;;0;;0;;0;;0
129;Skroblien Tom;NLB;LW;;0;;0;;0;;0;;0;;1
129;Franke Marten;NLB;RW;;0;;0;;0;;0;;0;;1
129;Vest Kirkelokke Niclas;RNL;RB;;0;;0;;33,33;;0;;0;;0
129;Diocou Soumare Mamadou Lamine;RNL;RW;;0;;0;;0;;33,33;;0;;0
129;Mrakovcic Luka;NLB;CB;;0;;33,33;;0;;0;;0;;0
129;Mundus Marvin;NLB;RW;;0;;0,25;;0;;0;;0;;0
129;Patrail Mait;RNL;LB;;0;;0;;0;;0;;0;;0
129;Drager Yannick;NLB;P;;0;;0;;0;;0;;0;;0
129;Nilsson Lukas;RNL;LB;;0;;0;;0;;0;;0;;0
129;Lagergren Albin;RNL;RB;;0;;0;;0;;0;;0;;0
129;Gislason Ymir Orn;RNL;P;;0;;0;;0;;0;;0;;0
129;Schmid Andre;RNL;CB;;0;;0;;0;;0;;0;;0
130;Pesic Ivan;TVB;GK;0;0;30;21,43;20;0,25;0;0;20;0,5;0;0
130;Johannesson Peter;TBV;GK;0;0;40;0,25;0;0;10;33,33;0;0;0;0
130;Zecher Finn;TBV;GK;0;0;10;0,2;10;1;0;0;0;0;0;0
130;Prost Primoz;TVB;GK;0;0;0;0;0;0;0;0;0;0;0;0
130;Thulin Tobias;TVB;GK;0;0;0;0;0;0;0;0;0;0;0;0
131;Green Krejberg Jannick;SCM;GK;0;0;40;26,67;50;6,25;20;1;10;16,67;0;0
131;Mrkva Tomas;BHC;GK;0;0;30;17,65;20;66,67;0;0;20;0,5;10;0,5
131;Rudeck Christopher;BHC;GK;0;0;10;0,5;10;1;10;1;10;0,25;0;0
131;Jensen Mike;SCM;GK;0;0;0;0;0;0;0;0;0;0;0;0
132;Bitter Johannes;HSV;GK;10;0,5;80;53,33;30;0,75;20;22,22;50;45,45;0;0
132;Lesjak Urban;HAN;GK;0;0;30;42,86;30;3,75;60;54,55;30;3,75;10;0,5
132;Ebner Domenico;HAN;GK;20;66,67;0;0;0;0;0;0;0;0;0;0
132;Vortmann Jens;HSV;GK;0;0;0;0;0;0;0;0;0;0;0;0
133;Rebmann Daniel;FAG;GK;0;0;50;31,25;50;55,56;20;28,57;0;0;10;0,2
133;Milosavljev Dejan;BER;GK;0;0;30;27,27;40;57,14;40;57,14;10;0,25;0;0
133;Genz Fredrik;BER;GK;0;0;0;0;0;0;0;0;0;0;0;0
133;Kastelic Urh;FAG;GK;0;0;0;0;0;0;0;0;0;0;0;0
134;Heinevetter Silvio;MTM;GK;0;0;0;0;10;0,25;20;66,67;20;0,25;0;0
134;Ziemer Martin;HCE;GK;10;16,67;0;0;30;42,86;0;0;0;0;10;33,33
134;Simic Nebojsa;MTM;GK;0;0;0;0;10;0,2;20;66,67;0;0;0;0
134;Hassferter Michael;HCE;GK;0;0;0;0;0;0;0;0;0;0;0;0
135;Semisch Malte;GWD;GK;20;33,33;40;57,14;20;0,25;30;0,6;0;0;20;28,57
135;Saeveraas Kristian Skinstad;LEI;GK;20;66,67;10;11,11;0;0;10;33,33;10;1;10;0,25
135;Birlehm Joel;LEI;GK;0;0;0;0;0;0;10;0,5;0;0;0;0
135;Lichtlein Carsten;GWD;GK;0;0;0;0;0;0;0;0;0;0;0;0
136;Klimpke Till;WET;GK;10;0,5;0;0;90;81,82;10;16,67;10;0,2;10;0,2
136;Landin Jacobsen Niklas;THW;GK;0;0;20;0,4;40;0,4;20;28,57;0;0;0;0
136;Quenstedt Dario;THW;GK;0;0;0;0;0;0;0;0;0;0;0;0
136;Suljakovic Anadin;WET;GK;0;0;0;0;0;0;0;0;0;0;0;0
137;Buric Benjamin;SGF;GK;0;0;10;11,11;70;58,33;20;0,4;10;0,25;0;0
137;Sejr Jensen Simon;HBW;GK;10;1;0;0;30;0,75;10;1;0;0;0;0
137;Ruminsky Mario;HBW;GK;0;0;0;0;10;0,25;0;0;0;0;0;0
137;M?ller Kevin;SGF;GK;0;0;0;0;0;0;0;0;0;0;0;0
138;Landin Jacobsen Niklas;THW;GK;0;0;20;0,5;10;14,29;10;0,2;30;42,86;0;0
138;Pesic Ivan;TVB;GK;10;33,33;20;0,2;10;0,2;0;0;20;28,57;0;0
138;Prost Primoz;TVB;GK;0;0;20;33,33;20;0,5;0;0;10;0,5;0;0
138;Quenstedt Dario;THW;GK;0;0;0;0;0;0;0;0;0;0;0;0
139;M?ller Kevin;SGF;GK;10;0,5;20;0,4;30;27,27;20;0,5;0;0;0;0
139;Simic Nebojsa;MTM;GK;0;0;0;0;20;22,22;20;0,5;0;0;0;0
139;Heinevetter Silvio;MTM;GK;0;0;10;0,2;10;16,67;0;0;10;0,5;0;0
139;Buric Benjamin;SGF;GK;0;0;10;0,5;0;0;0;0;10;0,5;0;0
140;Rebmann Daniel;FAG;GK;0;0;20;0,2;10;0,25;0;0;20;0,5;10;33,33
140;Lesjak Urban;HAN;GK;0;0;30;21,43;10;0,25;10;16,67;10;33,33;0;0
140;Ebner Domenico;HAN;GK;0;0;10;0,25;0;0;20;66,67;10;0,5;0;0
140;Kastelic Urh;FAG;GK;0;0;0;0;10;0,5;10;0,2;0;0;0;0
141;Katsigiannis Nikolas;RNL;GK;0;0;10;0,2;30;33,33;0;0;20;28,57;10;9,09
141;Ferlin Klemen;HCE;GK;0;0;20;66,67;20;22,22;10;33,33;10;0,2;10;1
141;Ziemer Martin;HCE;GK;0;0;0;0;10;0,25;0;0;20;0,5;0;0
141;Grupe Mats;RNL;GK;0;0;0;0;0;0;0;0;10;0,5;0;0
142;Suljakovic Anadin;WET;GK;0;0;30;23,08;50;83,33;60;66,67;0;0;20;0,25
142;Semisch Malte;GWD;GK;0;0;10;11,11;80;88,89;40;0,5;0;0;0;0
142;Lichtlein Carsten;GWD;GK;0;0;0;0;0;0;0;0;0;0;0;0
142;Klimpke Till;WET;GK;0;0;0;0;0;0;0;0;0;0;0;0
143;Bitter Johannes;HSV;GK;10;0,25;20;0,2;50;45,45;10;0,5;30;3,75;0;0
143;Jensen Mike;SCM;GK;0;0;20;0,5;20;28,57;10;0,25;10;0,25;0;0
143;Vortmann Jens;HSV;GK;0;0;0;0;30;0,6;0;0;0;0;0;0
143;Green Krejberg Jannick;SCM;GK;0;0;0;0;10;0,25;0;0;10;33,33;0;0
144;Ruminsky Mario;HBW;GK;0;0;10;0,25;20;0,4;0;0;20;66,67;0;0
144;Genz Fredrik;BER;GK;0;0;10;1;10;33,33;0;0;0;0;10;33,33
144;Milosavljev Dejan;BER;GK;0;0;0;0;10;14,29;0;0;20;0,5;0;0
144;Sejr Jensen Simon;HBW;GK;0;0;0;0;20;0,5;0;0;0;0;0;0
145;Mrkva Tomas;BHC;GK;0;0;20;0,25;50;38,46;10;0,25;20;28,57;0;0
145;Zecher Finn;TBV;GK;0;0;20;33,33;70;0,35;0;0;0;0;0;0
145;Rudeck Christopher;BHC;GK;0;0;0;0;0;0;0;0;0;0;0;0
145;Muhlenstadt Timon;TBV;GK;0;0;0;0;0;0;0;0;0;0;0;0
146;Saeveraas Kristian Skinstad;LEI;GK;0;0;30;27,27;50;71,43;40;44,44;0;0;0;0
146;Rezar Aljosa;NLB;GK;10;0,5;0;0;0;0;0;0;10;33,33;0;0
146;Asheim Havard;NLB;GK;0;0;0;0;10;0,5;0;0;0;0;0;0
146;Birlehm Joel;LEI;GK;0;0;0;0;0;0;0;0;0;0;0;0
147;Buric Benjamin;SGF;GK;0;0;40;36,36;50;55,56;30;27,27;10;33,33;10;0,2
147;Green Krejberg Jannick;SCM;GK;0;0;40;57,14;60;3,75;10;11,11;10;33,33;0;0
147;M?ller Kevin;SGF;GK;10;1;0;0;0;0;0;0;0;0;0;0
147;Jensen Mike;SCM;GK;0;0;0;0;10;1;0;0;0;0;0;0
148;Kastelic Urh;FAG;GK;0;0;60;35,29;20;0,4;10;14,29;40;57,14;0;0
148;Thulin Tobias;TVB;GK;0;0;10;1,25;20;1;20;0,5;10;0,5;0;0
148;Pesic Ivan;TVB;GK;0;0;20;28,57;0;0;10;1,25;10;33,33;0;0
148;Rebmann Daniel;FAG;GK;0;0;0;0;0;0;0;0;0;0;0;0
148;Klein Sebastian;FAG;GK;0;0;0;0;0;0;0;0;0;0;0;0
149;Semisch Malte;GWD;GK;0;0;20;28,57;60;0,6;20;0,2;30;0,6;10;0,25
149;Ruminsky Mario;HBW;GK;0;0;10;1,25;40;66,67;10;16,67;0;0;0;0
149;Lichtlein Carsten;GWD;GK;0;0;0;0;0;0;0;0;0;0;0;0
149;Sejr Jensen Simon;HBW;GK;0;0;0;0;0;0;0;0;0;0;0;0
150;Landin Jacobsen Niklas;THW;GK;0;0;30;0,3;60;66,67;10;33,33;10;1;0;0
150;Johannesson Peter;TBV;GK;10;33,33;30;33,33;30;3,75;0;0;0;0;20;0,4
150;Zecher Finn;TBV;GK;0;0;0;0;30;0,6;0;0;0;0;0;0
150;Quenstedt Dario;THW;GK;0;0;0;0;10;0,5;0;0;0;0;0;0
151;Ebner Domenico;HAN;GK;10;0,5;30;17,65;40;57,14;0;0;20;0,5;0;0
151;Katsigiannis Nikolas;RNL;GK;0;0;20;22,22;40;1;20;33,33;10;9,09;0;0
151;Lesjak Urban;HAN;GK;0;0;0;0;0;0;0;0;0;0;0;0
151;Grupe Mats;RNL;GK;0;0;0;0;0;0;0;0;0;0;0;0
152;Heinevetter Silvio;MTM;GK;10;33,33;20;18,18;70;58,33;0;0;20;0,25;10;0,25
152;Milosavljev Dejan;BER;GK;0;0;20;22,22;50;41,67;10;0,25;10;1,25;10;33,33
152;Genz Fredrik;BER;GK;0;0;0;0;0;0;0;0;0;0;0;0
152;Simic Nebojsa;MTM;GK;0;0;0;0;0;0;0;0;0;0;0;0
153;Klimpke Till;WET;GK;0;0;20;0,25;10;33,33;20;66,67;0;0;0;0
153;Asheim Havard;NLB;GK;0;0;0;0;30;42,86;10;33,33;0;0;0;0
153;Suljakovic Anadin;WET;GK;20;66,67;0;0;0;0;0;0;10;1;0;0
153;Rezar Aljosa;NLB;GK;0;0;0;0;0;0;10;0,25;0;0;0;0
154;Mrkva Tomas;BHC;GK;10;33,33;70;43,75;20;0,4;10;0,5;0;0;0;0
154;Bitter Johannes;HSV;GK;0;0;50;38,46;20;33,33;10;0,25;20;28,57;0;0
154;Vortmann Jens;HSV;GK;0;0;0;0;10;0,5;0;0;0;0;0;0
154;Rudeck Christopher;BHC;GK;0;0;0;0;0;0;0;0;0;0;0;0
155;Saeveraas Kristian Skinstad;LEI;GK;0;0;40;57,14;70;0,7;20;66,67;10;0,25;10;16,67
155;Ziemer Martin;HCE;GK;30;1;30;0,75;20;0,5;20;0,4;10;0,25;10;0,5
155;Ferlin Klemen;HCE;GK;0;0;0;0;10;33,33;10;0,5;0;0;10;16,67
155;Birlehm Joel;LEI;GK;0;0;0;0;0;0;0;0;0;0;0;0
156;Semisch Malte;GWD;GK;20;33,33;20;28,57;30;3,75;30;0,6;20;0,4;0;0
156;Green Krejberg Jannick;SCM;GK;0;0;40;0,5;40;0,4;10;33,33;0;0;0;0
156;Jensen Mike;SCM;GK;10;1;0;0;10;0,25;10;1;0;0;0;0
156;Lichtlein Carsten;GWD;GK;0;0;0;0;0;0;0;0;0;0;0;0
157;Rudeck Christopher;BHC;GK;0;0;10;0,25;10;33,33;10;0,2;10;9,09;0;0
157;Rebmann Daniel;FAG;GK;0;0;10;16,67;10;0,25;0;0;0;0;0;0
157;Kastelic Urh;FAG;GK;0;0;10;16,67;0;0;0;0;0;0;10;16,67
157;Klama Joonas;BHC;GK;0;0;0;0;0;0;0;0;0;0;0;0
158;Saeveraas Kristian Skinstad;LEI;GK;0;0;20;0,4;70;0,7;20;28,57;0;0;10;16,67
158;Ruminsky Mario;HBW;GK;0;0;20;16,67;40;0,5;0;0;10;33,33;0;0
158;Sejr Jensen Simon;HBW;GK;20;66,67;0;0;0;0;0;0;0;0;0;0
158;El-Tayar Mohamed Essam Moustafa;LEI;GK;0;0;0;0;0;0;0;0;0;0;0;0
159;Milosavljev Dejan;BER;GK;0;0;10;14,29;60;46,15;70;8,75;40;1;0;0
159;Birlehm Joel;RNL;GK;0;0;20;28,57;30;23,08;20;1;0;0;10;1
159;Katsigiannis Nikolas;RNL;GK;0;0;0;0;10;1;0;0;0;0;0;0
159;Ludwig Lasse;BER;GK;0;0;0;0;0;0;0;0;0;0;0;0
160;M?ller Kevin;SGF;GK;10;33,33;50;55,56;20;66,67;10;11,11;0;0;10;0,25
160;Klimpke Till;WET;GK;0;0;20;0,5;20;33,33;30;3,75;0;0;0;0
160;Buric Benjamin;SGF;GK;0;0;20;33,33;0;0;0;0;0;0;0;0
160;Suljakovic Anadin;WET;GK;0;0;0;0;0;0;10;0,25;0;0;0;0
161;Johannesson Peter;TBV;GK;0;0;20;0,25;40;0,8;10;0,25;10;1;10;33,33
161;Rezar Aljosa;NLB;GK;0;0;0;0;10;14,29;40;0,5;10;0,5;0;0
161;Asheim Havard;NLB;GK;0;0;0;0;30;0,6;10;33,33;0;0;0;0
161;Zecher Finn;TBV;GK;0;0;0;0;0;0;0;0;0;0;0;0
162;Quenstedt Dario;THW;GK;0;0;0;0;20;28,57;20;0,4;10;1,25;0;0
162;Vujovic Miljan;TVB;GK;0;0;0;0;10;0,2;30;3,75;20;18,18;0;0
162;Saggau Philip Hartwig;THW;GK;0;0;0;0;10;1;0;0;0;0;0;0
162;Pesic Ivan;TVB;GK;0;0;0;0;0;0;0;0;0;0;0;0
163;M?ller Kevin;SGF;GK;0;0;10;0,5;110;45,83;20;0,4;10;0,5;0;0
163;Ebner Domenico;HAN;GK;20;28,57;10;0,2;60;42,86;10;1,25;20;33,33;10;0,5
163;Buric Benjamin;SGF;GK;0;0;0;0;0;0;0;0;0;0;0;0
163;Lesjak Urban;HAN;GK;0;0;0;0;0;0;0;0;0;0;0;0
164;Simic Nebojsa;MTM;GK;0;0;0;0;70;0,7;50;0,5;20;0,5;10;33,33
164;Ruminsky Mario;HBW;GK;0;0;40;44,44;30;33,33;30;3,75;0;0;20;0,25
164;Heinevetter Silvio;MTM;GK;0;0;0;0;0;0;0;0;0;0;0;0
164;Sejr Jensen Simon;HBW;GK;0;0;0;0;0;0;0;0;0;0;0;0
165;Birlehm Joel;RNL;GK;0;0;40;44,44;30;0,6;0;0;20;66,67;0;0
165;Sonne-Hansen Kim;HCE;GK;0;0;0;0;20;33,33;40;33,33;10;33,33;0;0
165;Katsigiannis Nikolas;RNL;GK;0;0;0;0;10;16,67;0;0;10;1;0;0
165;Ferlin Klemen;HCE;GK;0;0;0;0;10;33,33;0;0;0;0;0;0
166;Jensen Mike;SCM;GK;0;0;30;33,33;10;0,5;20;0,5;10;0,25;0;0
166;Rezar Aljosa;NLB;GK;0;0;10;0,1;30;0,6;10;16,67;0;0;0;0
166;Green Krejberg Jannick;SCM;GK;0;0;10;0,25;30;0,75;0;0;0;0;0;0
166;Asheim Havard;NLB;GK;0;0;10;0,25;0;0;20;0,5;0;0;0;0
167;Milosavljev Dejan;BER;GK;0;0;20;0,25;30;0,6;10;33,33;0;0;0;0
167;Bitter Johannes;HSV;GK;0;0;10;14,29;10;16,67;0;0;10;16,67;0;0
167;Ludwig Lasse;BER;GK;0;0;10;33,33;0;0;0;0;10;33,33;0;0
167;Vortmann Jens;HSV;GK;0;0;0;0;0;0;0;0;10;0,5;0;0
168;Rudeck Christopher;BHC;GK;10;0,2;60;46,15;10;0,25;30;0,6;30;3,75;10;33,33
168;Landin Jacobsen Niklas;THW;GK;0;0;40;66,67;10;0,25;0;0;10;1,25;0;0
168;Quenstedt Dario;THW;GK;0;0;10;33,33;0;0;0;0;10;33,33;0;0
168;Mrkva Tomas;BHC;GK;0;0;0;0;0;0;0;0;0;0;0;0
168;Klama Joonas;BHC;GK;0;0;0;0;0;0;0;0;0;0;0;0
168;Saggau Philip Hartwig;THW;GK;0;0;0;0;0;0;0;0;0;0;0;0
169;Kastelic Urh;FAG;GK;0;0;50;41,67;50;45,45;0;0;0;0;0;0
169;Klimpke Till;WET;GK;0;0;10;16,67;10;16,67;10;14,29;10;0,25;0;0
169;Rebmann Daniel;FAG;GK;0;0;0;0;0;0;0;0;0;0;0;0
169;Suljakovic Anadin;WET;GK;0;0;0;0;0;0;0;0;0;0;0;0
170;Saeveraas Kristian Skinstad;LEI;GK;20;0,5;30;42,86;30;0,5;40;44,44;10;0,2;0;0
170;Semisch Malte;GWD;GK;10;0,25;30;0,6;40;0,4;20;0,2;0;0;0;0
170;Lichtlein Carsten;GWD;GK;0;0;10;1;10;1;10;1;0;0;0;0
170;El-Tayar Mohamed Essam Moustafa;LEI;GK;10;0,5;0;0;0;0;0;0;0;0;0;0
171;Jensen Mike;SCM;GK;0;0;10;0,25;20;0,25;20;66,67;10;33,33;0;0
171;Rebmann Daniel;FAG;GK;0;0;0;0;30;0,75;10;0,2;0;0;0;0
171;Kastelic Urh;FAG;GK;10;1;0;0;0;0;0;0;10;33,33;0;0
171;Green Krejberg Jannick;SCM;GK;0;0;0;0;0;0;0;0;0;0;0;0
172;Simic Nebojsa;MTM;GK;0;0;40;0,5;60;0,6;40;0,5;10;0,25;10;0,25
172;Semisch Malte;GWD;GK;10;33,33;10;7,69;70;77,78;40;33,33;0;0;0;0
172;Heinevetter Silvio;MTM;GK;0;0;0;0;0;0;0;0;0;0;0;0
172;Lichtlein Carsten;GWD;GK;0;0;0;0;0;0;0;0;0;0;0;0
173;M?ller Kevin;SGF;GK;0;0;50;38,46;60;0,5;0;0;10;0,25;0;0
173;Ziemer Martin;HCE;GK;0;0;10;33,33;0;0;10;0,5;0;0;0;0
173;Ferlin Klemen;HCE;GK;0;0;0;0;10;0,5;0;0;0;0;0;0
173;Sonne-Hansen Kim;HCE;GK;0;0;0;0;0;0;0;0;0;0;0;0
173;Buric Benjamin;SGF;GK;0;0;0;0;0;0;0;0;0;0;0;0
174;Landin Jacobsen Niklas;THW;GK;10;14,29;40;30,77;20;1;20;28,57;10;0,2;0;0
174;Ebner Domenico;HAN;GK;0;0;20;0,25;20;0,5;10;0,5;20;33,33;0;0
174;Lesjak Urban;HAN;GK;0;0;0;0;0;0;0;0;0;0;0;0
174;Saggau Philip Hartwig;THW;GK;0;0;0;0;0;0;0;0;0;0;0;0
175;Milosavljev Dejan;BER;GK;0;0;40;0,5;80;0,5;20;33,33;10;0,5;10;0,2
175;Thulin Tobias;TVB;GK;10;33,33;10;0,2;20;0,5;20;66,67;10;0,2;0;0
175;Vujovic Miljan;TVB;GK;0;0;20;28,57;0;0;0;0;10;0,5;0;0
175;Genz Fredrik;BER;GK;0;0;0;0;0;0;0;0;0;0;0;0
176;Bitter Johannes;HSV;GK;0;0;20;22,22;30;0,6;30;3,75;0;0;10;0,2
176;Klimpke Till;WET;GK;10;0,25;10;0,2;40;36,36;0;0;20;0,4;10;0,2
176;Vortmann Jens;HSV;GK;10;33,33;0;0;0;0;0;0;0;0;0;0
176;Suljakovic Anadin;WET;GK;0;0;0;0;0;0;0;0;0;0;0;0
177;Mrkva Tomas;BHC;GK;0;0;20;0,5;70;43,75;0;0;0;0;10;33,33
177;Zecher Finn;TBV;GK;0;0;0;0;30;0,5;0;0;20;0,4;0;0
177;Johannesson Peter;TBV;GK;0;0;0;0;20;33,33;10;0,5;0;0;0;0
177;Klama Joonas;BHC;GK;0;0;0;0;0;0;0;0;0;0;0;0
178;Heinevetter Silvio;MTM;GK;0;0;20;0,5;40;44,44;20;0,5;40;0,4;10;16,67
178;Saeveraas Kristian Skinstad;LEI;GK;0;0;0;0;50;0,5;10;0,25;0;0;10;0,5
178;El-Tayar Mohamed Essam Moustafa;LEI;GK;20;1;20;0,4;0;0;0;0;0;0;0;0
178;Simic Nebojsa;MTM;GK;0;0;0;0;0;0;0;0;0;0;0;0
179;Mrkva Tomas;BHC;GK;0;0;40;33,33;30;27,27;30;3,75;10;33,33;10;0,25
179;Pesic Ivan;TVB;GK;0;0;20;0,2;30;42,86;10;14,29;0;0;0;0
179;Rudeck Christopher;BHC;GK;0;0;0;0;0;0;0;0;0;0;0;0
179;Thulin Tobias;TVB;GK;0;0;0;0;0;0;0;0;0;0;0;0
179;Vujovic Miljan;TVB;GK;0;0;0;0;0;0;0;0;0;0;0;0
179;Klama Joonas;BHC;GK;0;0;0;0;0;0;0;0;0;0;0;0
180;Green Krejberg Jannick;SCM;GK;0;0;20;16,67;30;0,75;0;0;10;0,5;10;14,29
180;Jensen Mike;SCM;GK;0;0;20;66,67;10;0,5;0;0;20;1;10;1
180;Johannesson Peter;TBV;GK;0;0;10;0,2;20;0,5;10;0,25;0;0;0;0
180;Zecher Finn;TBV;GK;0;0;10;16,67;20;28,57;0;0;0;0;0;0
181;Landin Jacobsen Niklas;THW;GK;0;0;10;0,25;20;0,4;10;0,2;60;0,6;0;0
181;Ziemer Martin;HCE;GK;0;0;10;33,33;30;33,33;10;1;0;0;0;0
181;Ferlin Klemen;HCE;GK;10;33,33;10;16,67;10;33,33;0;0;0;0;0;0
181;Quenstedt Dario;THW;GK;0;0;10;0,5;10;33,33;0;0;0;0;0;0
182;Semisch Malte;GWD;GK;30;33,33;20;0,5;50;38,46;10;14,29;0;0;0;0
182;Buric Benjamin;SGF;GK;10;0,5;10;0,25;20;22,22;0;0;0;0;0;0
182;M?ller Kevin;SGF;GK;0;0;0;0;30;0,25;0;0;0;0;0;0
182;Lichtlein Carsten;GWD;GK;0;0;0;0;0;0;0;0;0;0;0;0
183;Klimpke Till;WET;GK;0;0;40;26,67;60;1;10;16,67;20;33,33;10;0,25
183;Birlehm Joel;RNL;GK;0;0;0;0;20;33,33;0;0;0;0;10;0,25
183;Katsigiannis Nikolas;RNL;GK;0;0;0;0;0;0;10;33,33;10;1;0;0
183;Suljakovic Anadin;WET;GK;0;0;0;0;0;0;0;0;0;0;0;0
184;Milosavljev Dejan;BER;GK;0;0;10;8,33;20;0,5;10;0,25;10;0,2;0;0
184;Asheim Havard;NLB;GK;0;0;10;0,2;20;28,57;10;33,33;0;0;0;0
184;Rezar Aljosa;NLB;GK;0;0;0;0;20;33,33;0;0;0;0;0;0
184;Genz Fredrik;BER;GK;10;1;0;0;0;0;10;1;0;0;0;0
185;Zecher Finn;TBV;GK;0;0;60;0,3;40;1;0;0;0;0;0;0
185;Lesjak Urban;HAN;GK;0;0;30;23,08;10;0,5;20;28,57;10;0,5;0;0
185;Johannesson Peter;TBV;GK;0;0;10;33,33;10;1;0;0;0;0;0;0
185;Ebner Domenico;HAN;GK;0;0;0;0;0;0;0;0;0;0;0;0
186;Simic Nebojsa;MTM;GK;10;33,33;10;14,29;80;57,14;0;0;20;28,57;0;0
186;Bitter Johannes;HSV;GK;0;0;30;0,3;20;0,4;0;0;10;1;0;0
186;Vortmann Jens;HSV;GK;0;0;0;0;20;33,33;0;0;0;0;0;0
186;Heinevetter Silvio;MTM;GK;0;0;0;0;0;0;0;0;0;0;0;0
187;Pesic Ivan;TVB;GK;0;0;50;27,78;50;83,33;20;33,33;10;14,29;0;0
187;Klimpke Till;WET;GK;0;0;40;33,33;40;57,14;20;28,57;10;33,33;0;0
187;Suljakovic Anadin;WET;GK;10;0,5;0;0;20;0,5;0;0;0;0;0;0
187;Vujovic Miljan;TVB;GK;0;0;0;0;0;0;0;0;0;0;0;0
188;Semisch Malte;GWD;GK;20;0,5;40;30,77;40;0,5;0;0;0;0;10;0,5
188;Birlehm Joel;RNL;GK;20;0,4;40;33,33;20;0,25;0;0;0;0;10;0,2
188;Lichtlein Carsten;GWD;GK;0;0;0;0;10;0,5;0;0;0;0;0;0
188;Katsigiannis Nikolas;RNL;GK;10;33,33;0;0;0;0;0;0;0;0;0;0
189;Jensen Mike;SCM;GK;0;0;30;3,75;50;71,43;0;0;10;0,25;0;0
189;Mrkva Tomas;BHC;GK;0;0;30;0,6;10;0,2;0;0;0;0;10;0,5
189;Rudeck Christopher;BHC;GK;10;0,2;20;0,25;20;0,25;0;0;0;0;0;0
189;Green Krejberg Jannick;SCM;GK;0;0;0;0;0;0;20;0,4;0;0;0;0
190;M?ller Kevin;SGF;GK;0;0;40;36,36;90;0,6;0;0;20;0,4;0;0
190;Saeveraas Kristian Skinstad;LEI;GK;10;0,5;20;28,57;10;14,29;10;0,25;50;45,45;10;0,25
190;Buric Benjamin;SGF;GK;0;0;0;0;0;0;0;0;0;0;0;0
190;El-Tayar Mohamed Essam Moustafa;LEI;GK;0;0;0;0;0;0;0;0;0;0;0;0
191;Ziemer Martin;HCE;GK;20;0,5;40;33,33;40;57,14;20;33,33;0;0;0;0
191;Asheim Havard;NLB;GK;10;1;10;33,33;40;44,44;40;44,44;0;0;0;0
191;Rezar Aljosa;NLB;GK;0;0;0;0;0;0;0;0;0;0;0;0
191;Sonne-Hansen Kim;HCE;GK;0;0;0;0;0;0;0;0;0;0;0;0
192;Ruminsky Mario;HBW;GK;30;0,5;10;16,67;50;55,56;10;0,25;20;33,33;0;0
192;Quenstedt Dario;THW;GK;20;0,4;10;0,25;20;0,4;20;0,2;10;0,25;0;0
192;Sejr Jensen Simon;HBW;GK;0;0;0;0;10;33,33;10;0,5;0;0;0;0
192;Saggau Philip Hartwig;THW;GK;0;0;0;0;0;0;0;0;10;1;0;0
193;Ebner Domenico;HAN;GK;0;0;70;41,18;20;0,4;30;3,75;40;44,44;0;0
193;Rudeck Christopher;BHC;GK;0;0;20;0,25;10;0,5;20;66,67;10;33,33;10;1
193;Mrkva Tomas;BHC;GK;0;0;20;33,33;0;0;0;0;0;0;0;0
193;Lesjak Urban;HAN;GK;0;0;0;0;0;0;0;0;0;0;0;0
194;Asheim Havard;NLB;GK;10;0,5;30;0,25;20;33,33;30;42,86;10;0,5;10;33,33
194;Semisch Malte;GWD;GK;0;0;0;0;40;66,67;30;0,3;10;33,33;0;0
194;Lichtlein Carsten;GWD;GK;0;0;0;0;0;0;0;0;0;0;0;0
194;Rezar Aljosa;NLB;GK;0;0;0;0;0;0;0;0;0;0;0;0
195;Ziemer Martin;HCE;GK;0;0;40;0,4;10;0,5;0;0;30;0,6;0;0
195;Bitter Johannes;HSV;GK;20;0,5;20;0,25;10;33,33;0;0;10;33,33;0;0
195;Vortmann Jens;HSV;GK;10;33,33;30;33,33;0;0;10;1;0;0;0;0
195;Ferlin Klemen;HCE;GK;0;0;30;0,5;0;0;0;0;0;0;0;0
196;Saeveraas Kristian Skinstad;LEI;GK;0;0;20;0,5;20;0,4;10;0,25;0;0;0;0
196;Rebmann Daniel;FAG;GK;0;0;20;22,22;0;0;10;0,2;0;0;0;0
196;Kastelic Urh;FAG;GK;0;0;10;0,25;20;0,5;0;0;0;0;0;0
196;El-Tayar Mohamed Essam Moustafa;LEI;GK;0;0;10;33,33;20;0,5;0;0;0;0;0;0
197;Milosavljev Dejan;BER;GK;10;0,2;30;3,75;60;0,4;0;0;20;0,4;0;0
197;Quenstedt Dario;THW;GK;0;0;0;0;70;46,67;10;16,67;0;0;0;0
197;Saggau Philip Hartwig;THW;GK;0;0;0;0;20;0,4;0;0;10;1;0;0
197;Genz Fredrik;BER;GK;0;0;0;0;0;0;0;0;0;0;0;0
198;Buric Benjamin;SGF;GK;0;0;30;3,75;80;0,5;30;0,6;30;0,5;0;0
198;Ruminsky Mario;HBW;GK;0;0;10;0,25;50;35,71;30;0,3;10;0,2;0;0
198;M?ller Kevin;SGF;GK;0;0;0;0;0;0;0;0;0;0;0;0
198;Sejr Jensen Simon;HBW;GK;0;0;0;0;0;0;0;0;0;0;0;0
199;Simic Nebojsa;MTM;GK;10;0,25;40;26,67;20;0,5;10;0,25;10;14,29;10;33,33
199;Birlehm Joel;RNL;GK;0;0;40;33,33;40;66,67;10;14,29;10;0,5;0;0
199;Heinevetter Silvio;MTM;GK;0;0;0;0;0;0;0;0;0;0;0;0
199;Katsigiannis Nikolas;RNL;GK;0;0;0;0;0;0;0;0;0;0;0;0
199;Appelgren Mikael;RNL;GK;0;0;0;0;0;0;0;0;0;0;0;0
200;Johannesson Peter;TBV;GK;0;0;20;28,57;60;0,6;10;16,67;0;0;0;0
200;Klimpke Till;WET;GK;0;0;10;1,25;30;0,5;20;33,33;0;0;10;33,33
200;Suljakovic Anadin;WET;GK;0;0;20;66,67;10;0,5;10;33,33;0;0;0;0
200;Zecher Finn;TBV;GK;0;0;0;0;0;0;0;0;0;0;0;0
201;Pesic Ivan;TVB;GK;10;0,25;10;14,29;20;0,4;10;0,5;0;0;0;0
201;Green Krejberg Jannick;SCM;GK;0;0;0;0;20;0,5;0;0;10;33,33;0;0
201;Vujovic Miljan;TVB;GK;10;0,2;10;0,2;10;1;0;0;0;0;0;0
201;Jensen Mike;SCM;GK;0;0;0;0;30;0,6;0;0;0;0;0;0
202;Ebner Domenico;HAN;GK;10;0,25;50;33,33;20;0,5;10;0,5;0;0;0;0
202;Pesic Ivan;TVB;GK;10;1;10;9,09;0;0;30;0,6;20;0,4;10;0,25
202;Vujovic Miljan;TVB;GK;0;0;0;0;10;0,5;0;0;0;0;0;0
202;Lesjak Urban;HAN;GK;0;0;0;0;0;0;0;0;0;0;0;0
203;Milosavljev Dejan;BER;GK;20;66,67;10;8,33;40;0,8;30;27,27;30;0,75;10;33,33
203;Zecher Finn;TBV;GK;0;0;20;18,18;20;0,5;0;0;20;33,33;0;0
203;Johannesson Peter;TBV;GK;0;0;0;0;0;0;0;0;10;0,5;0;0
203;Genz Fredrik;BER;GK;0;0;0;0;0;0;0;0;0;0;0;0
204;Ferlin Klemen;HCE;GK;10;33,33;30;42,86;40;44,44;10;1,25;0;0;20;0,4
204;Rebmann Daniel;FAG;GK;0;0;30;42,86;40;0,5;20;0,4;0;0;10;33,33
204;Kastelic Urh;FAG;GK;10;0,5;0;0;0;0;0;0;0;0;0;0
204;Ziemer Martin;HCE;GK;0;0;0;0;0;0;0;0;0;0;0;0
205;Birlehm Joel;RNL;GK;0;0;10;0,2;80;0,8;20;33,33;10;0,5;10;33,33
205;Sejr Jensen Simon;HBW;GK;10;33,33;10;0,25;10;33,33;10;14,29;10;0,25;0;0
205;Appelgren Mikael;RNL;GK;0;0;0;0;20;66,67;0;0;0;0;20;0,5
205;Ruminsky Mario;HBW;GK;10;33,33;10;1;0;0;0;0;0;0;0;0
206;Rudeck Christopher;BHC;GK;0;0;100;6,25;30;3,75;0;0;20;33,33;20;0,5
206;Klimpke Till;WET;GK;10;33,33;20;0,2;50;83,33;20;0,4;0;0;0;0
206;Suljakovic Anadin;WET;GK;0;0;0;0;20;66,67;0;0;0;0;0;0
206;Mrkva Tomas;BHC;GK;0;0;0;0;0;0;0;0;0;0;0;0
207;Landin Jacobsen Niklas;THW;GK;30;0,6;20;22,22;20;33,33;30;33,33;0;0;0;0
207;Green Krejberg Jannick;SCM;GK;0;0;10;16,67;20;22,22;30;0,5;0;0;0;0
207;Jensen Mike;SCM;GK;0;0;10;0,5;0;0;20;66,67;0;0;0;0
207;Quenstedt Dario;THW;GK;0;0;0;0;0;0;0;0;0;0;0;0
208;Buric Benjamin;SGF;GK;0;0;30;33,33;30;0,25;20;0,5;0;0;10;0,5
208;Heinevetter Silvio;MTM;GK;0;0;10;0,2;20;28,57;10;33,33;0;0;0;0
208;M?ller Kevin;SGF;GK;0;0;10;1;10;0,5;10;1;10;33,33;0;0
208;Simic Nebojsa;MTM;GK;10;1;0;0;20;0,4;0;0;0;0;0;0
209;El-Tayar Mohamed Essam Moustafa;LEI;GK;0;0;20;28,57;60;46,15;30;0,5;20;33,33;0;0
209;Rezar Aljosa;NLB;GK;10;0,5;0;0;30;0,6;0;0;0;0;0;0
209;Asheim Havard;NLB;GK;0;0;10;0,5;20;0,25;0;0;0;0;0;0
209;Saeveraas Kristian Skinstad;LEI;GK;0;0;0;0;0;0;0;0;0;0;0;0
210;Vortmann Jens;HSV;GK;0;0;40;33,33;30;0,75;20;28,57;10;0,25;10;0,2
210;Semisch Malte;GWD;GK;0;0;10;0,2;50;71,43;0;0;10;0,2;10;16,67
210;Bitter Johannes;HSV;GK;0;0;0;0;0;0;0;0;0;0;0;0
210;Lichtlein Carsten;GWD;GK;0;0;0;0;0;0;0;0;0;0;0;0
211;Green Krejberg Jannick;SCM;GK;30;0,6;10;14,29;40;36,36;30;42,86;20;0,5;0;0
211;Lesjak Urban;HAN;GK;10;0,25;20;33,33;20;0,25;30;0,5;0;0;0;0
211;Ebner Domenico;HAN;GK;0;0;0;0;0;0;20;0,5;0;0;0;0
211;Jensen Mike;SCM;GK;0;0;0;0;0;0;0;0;0;0;0;0
212;Ferlin Klemen;HCE;GK;10;0,25;40;0,4;30;3,75;10;16,67;0;0;0;0
212;Pesic Ivan;TVB;GK;0;0;10;1,25;20;1;0;0;10;0,2;10;0,5
212;Ziemer Martin;HCE;GK;20;66,67;0;0;10;0,25;0;0;0;0;0;0
212;Thulin Tobias;TVB;GK;0;0;0;0;10;33,33;0;0;10;33,33;0;0
213;Milosavljev Dejan;BER;GK;0;0;70;58,33;30;0,3;20;33,33;0;0;0;0
213;Rudeck Christopher;BHC;GK;0;0;0;0;30;0,5;20;1;30;3,75;0;0
213;Mrkva Tomas;BHC;GK;0;0;0;0;0;0;0;0;0;0;0;0
213;Genz Fredrik;BER;GK;0;0;0;0;0;0;0;0;0;0;0;0
214;M?ller Kevin;SGF;GK;10;33,33;80;61,54;100;58,82;40;0,4;20;33,33;0;0
214;Birlehm Joel;RNL;GK;0;0;30;3,75;20;66,67;20;28,57;10;14,29;0;0
214;Appelgren Mikael;RNL;GK;0;0;20;1;0;0;0;0;0;0;0;0
214;Katsigiannis Nikolas;RNL;GK;0;0;0;0;0;0;0;0;0;0;0;0
214;Buric Benjamin;SGF;GK;0;0;0;0;0;0;0;0;0;0;0;0
215;Semisch Malte;GWD;GK;10;1;40;23,53;90;1;40;0,5;20;66,67;20;0,5
215;Johannesson Peter;TBV;GK;0;0;0;0;50;0,5;20;0,4;0;0;20;33,33
215;Lichtlein Carsten;GWD;GK;0;0;0;0;0;0;0;0;0;0;0;0
215;Zecher Finn;TBV;GK;0;0;0;0;0;0;0;0;0;0;0;0
216;Ruminsky Mario;HBW;GK;0;0;20;0,2;30;0,5;40;66,67;10;0,25;0;0
216;Kastelic Urh;FAG;GK;0;0;20;18,18;30;0,6;0;0;0;0;0;0
216;Rebmann Daniel;FAG;GK;0;0;10;33,33;0;0;0;0;0;0;0;0
216;Sejr Jensen Simon;HBW;GK;0;0;0;0;0;0;0;0;0;0;0;0
217;Simic Nebojsa;MTM;GK;10;0,5;10;0,2;80;44,44;10;0,25;10;0,2;0;0
217;Rezar Aljosa;NLB;GK;20;0,5;10;0,5;30;23,08;10;33,33;0;0;0;0
217;Asheim Havard;NLB;GK;0;0;0;0;10;33,33;0;0;0;0;0;0
217;Heinevetter Silvio;MTM;GK;0;0;0;0;0;0;0;0;0;0;0;0
218;Bitter Johannes;HSV;GK;0;0;30;23,08;30;1;30;0,5;0;0;0;0
218;Saeveraas Kristian Skinstad;LEI;GK;0;0;30;27,27;20;0,5;10;0,5;10;0,2;0;0
218;El-Tayar Mohamed Essam Moustafa;LEI;GK;0;0;10;1;10;0,25;0;0;0;0;0;0
218;Vortmann Jens;HSV;GK;0;0;0;0;0;0;0;0;0;0;0;0
219;Landin Jacobsen Niklas;THW;GK;0;0;10;0,2;150;68,18;20;66,67;10;0,25;20;66,67
219;Klimpke Till;WET;GK;0;0;10;33,33;50;41,67;20;28,57;0;0;20;33,33
219;Quenstedt Dario;THW;GK;0;0;0;0;10;0,5;0;0;0;0;0;0
219;Komok Gennadiy;WET;GK;0;0;0;0;0;0;0;0;0;0;0;0
220;Bitter Johannes;HSV;GK;10;0,25;30;0,2;60;0,75;20;33,33;10;33,33;10;0,25
220;Katsigiannis Nikolas;RNL;GK;0;0;20;15,38;30;1;0;0;0;0;0;0
220;Birlehm Joel;RNL;GK;0;0;10;0,2;10;1;0;0;0;0;0;0
220;Vortmann Jens;HSV;GK;0;0;0;0;0;0;0;0;0;0;0;0
220;Appelgren Mikael;RNL;GK;0;0;0;0;0;0;0;0;0;0;0;0
221;Rebmann Daniel;FAG;GK;30;0,6;70;0,5;60;46,15;10;0,5;10;14,29;0;0
221;Simic Nebojsa;MTM;GK;0;0;40;33,33;40;0,4;30;0,75;20;0,4;10;33,33
221;Heinevetter Silvio;MTM;GK;0;0;0;0;0;0;0;0;0;0;0;0
221;Kastelic Urh;FAG;GK;0;0;0;0;0;0;0;0;0;0;0;0
222;Saeveraas Kristian Skinstad;LEI;GK;20;0,5;20;22,22;40;0,4;20;33,33;20;0,5;10;0,25
222;Johannesson Peter;TBV;GK;0;0;20;0,5;10;0,2;10;1;0;0;10;0,5
222;Zecher Finn;TBV;GK;0;0;20;28,57;10;0,25;0;0;20;0,4;0;0
222;El-Tayar Mohamed Essam Moustafa;LEI;GK;0;0;0;0;0;0;0;0;0;0;0;0
223;Ferlin Klemen;HCE;GK;0;0;40;0,4;80;53,33;20;28,57;0;0;0;0
223;Rudeck Christopher;BHC;GK;0;0;20;0,25;10;16,67;0;0;0;0;20;0,4
223;Mrkva Tomas;BHC;GK;0;0;20;0,5;0;0;0;0;10;0,25;0;0
223;Ziemer Martin;HCE;GK;0;0;0;0;0;0;0;0;0;0;0;0
224;Pesic Ivan;TVB;GK;20;1;0;0;80;53,33;0;0;10;0,5;10;0,25
224;Ruminsky Mario;HBW;GK;0;0;0;0;60;54,55;20;28,57;10;0,25;10;0,5
224;Thulin Tobias;TVB;GK;0;0;0;0;0;0;0;0;0;0;0;0
224;Sejr Jensen Simon;HBW;GK;0;0;0;0;0;0;0;0;0;0;0;0
225;Klimpke Till;WET;GK;0;0;60;0,4;10;0,5;0;0;20;33,33;0;0
225;Jensen Mike;SCM;GK;0;0;10;33,33;10;33,33;0;0;30;42,86;0;0
225;Komok Gennadiy;WET;GK;20;0,4;0;0;0;0;0;0;10;1;0;0
225;Green Krejberg Jannick;SCM;GK;0;0;10;16,67;10;33,33;0;0;0;0;0;0
226;M?ller Kevin;SGF;GK;0;0;60;85,71;90;52,94;10;0,25;0;0;10;1
226;Asheim Havard;NLB;GK;0;0;10;0,2;10;0,25;40;57,14;0;0;0;0
226;Rezar Aljosa;NLB;GK;0;0;0;0;10;1;10;33,33;0;0;10;33,33
226;Buric Benjamin;SGF;GK;0;0;0;0;0;0;0;0;0;0;0;0
227;Ebner Domenico;HAN;GK;0;0;40;0,25;10;1;0;0;0;0;10;33,33
227;Milosavljev Dejan;BER;GK;0;0;20;0,5;20;28,57;0;0;10;1,25;0;0
227;Lesjak Urban;HAN;GK;0;0;0;0;10;1;0;0;0;0;0;0
227;Genz Fredrik;BER;GK;0;0;0;0;0;0;0;0;0;0;0;0
228;Semisch Malte;GWD;GK;0;0;20;18,18;50;55,56;20;0,4;0;0;0;0
228;Landin Jacobsen Niklas;THW;GK;10;0,5;0;0;20;66,67;20;0,5;10;33,33;0;0
228;Lichtlein Carsten;GWD;GK;10;33,33;0;0;0;0;0;0;0;0;0;0
228;Quenstedt Dario;THW;GK;0;0;0;0;0;0;0;0;0;0;0;0
228;Semisch Malte;GWD;GK;10;16,67;0;0;30;0,6;60;54,55;20;33,33;10;14,29
229;Rebmann Daniel;FAG;GK;0;0;40;28,57;10;33,33;30;42,86;10;0,5;20;66,67
229;Lichtlein Carsten;GWD;GK;0;0;0;0;0;0;0;0;0;0;0;0
229;Kastelic Urh;FAG;GK;0;0;0;0;0;0;0;0;0;0;0;0
230;Rudeck Christopher;BHC;GK;0;0;30;27,27;70;53,85;0;0;10;14,29;0;0
230;Sejr Jensen Simon;HBW;GK;0;0;10;33,33;20;0,4;10;0,2;30;0,5;0;0
230;Ruminsky Mario;HBW;GK;0;0;10;14,29;10;33,33;0;0;0;0;0;0
230;Mrkva Tomas;BHC;GK;0;0;0;0;0;0;0;0;0;0;0;0
231;Sonne-Hansen Kim;HCE;GK;0;0;60;54,55;30;42,86;20;33,33;10;0,5;10;1
231;Johannesson Peter;TBV;GK;0;0;0;0;30;0,6;20;0,5;0;0;0;0
231;Zecher Finn;TBV;GK;10;33,33;20;0,4;0;0;10;0,5;10;33,33;0;0
231;Ferlin Klemen;HCE;GK;0;0;0;0;0;0;0;0;10;0,5;10;0,25
232;Buric Benjamin;SGF;GK;0;0;10;0,5;80;0,4;0;0;0;0;0;0
232;Bitter Johannes;HSV;GK;0;0;10;1;10;11,11;20;66,67;0;0;0;0
232;Vortmann Jens;HSV;GK;0;0;0;0;10;14,29;0;0;0;0;10;33,33
232;M?ller Kevin;SGF;GK;0;0;0;0;20;66,67;0;0;0;0;0;0
233;Milosavljev Dejan;BER;GK;20;0,4;50;45,45;30;3,75;40;36,36;20;28,57;0;0
233;Green Krejberg Jannick;SCM;GK;0;0;0;0;70;77,78;30;33,33;10;16,67;10;0,5
233;Genz Fredrik;BER;GK;0;0;0;0;0;0;0;0;0;0;0;0
233;Jensen Mike;SCM;GK;0;0;0;0;0;0;0;0;0;0;0;0
234;Heinevetter Silvio;MTM;GK;20;33,33;10;14,29;60;0,5;0;0;0;0;0;0
234;Landin Jacobsen Niklas;THW;GK;0;0;10;16,67;30;21,43;30;0,6;10;0,5;0;0
234;Quenstedt Dario;THW;GK;0;0;0;0;10;1;0;0;0;0;0;0
234;Simic Nebojsa;MTM;GK;0;0;0;0;0;0;0;0;0;0;0;0
235;Lesjak Urban;HAN;GK;0;0;50;55,56;10;14,29;30;0,5;10;16,67;20;66,67
235;Klimpke Till;WET;GK;0;0;30;0,25;0;0;40;0,5;20;0,5;10;0,2
235;Ebner Domenico;HAN;GK;0;0;0;0;0;0;0;0;0;0;0;0
235;Komok Gennadiy;WET;GK;0;0;0;0;0;0;0;0;0;0;0;0
236;Pesic Ivan;TVB;GK;0;0;0;0;110;68,75;10;0,25;20;0,25;0;0
236;El-Tayar Mohamed Essam Moustafa;LEI;GK;10;0,25;0;0;40;44,44;10;0,25;20;0,4;0;0
236;Saeveraas Kristian Skinstad;LEI;GK;0;0;10;0,5;0;0;0;0;0;0;0;0
236;Thulin Tobias;TVB;GK;0;0;0;0;0;0;0;0;0;0;0;0
236;Vujovic Miljan;TVB;GK;0;0;0;0;0;0;0;0;0;0;0;0
237;Appelgren Mikael;RNL;GK;0;0;10;0,2;50;83,33;10;33,33;10;16,67;0;0
237;Rezar Aljosa;NLB;GK;10;33,33;0;0;20;0,25;40;0,5;0;0;0;0
237;Birlehm Joel;RNL;GK;0;0;10;0,25;20;1;10;1;0;0;0;0
237;Katsigiannis Nikolas;RNL;GK;0;0;0;0;0;0;0;0;0;0;0;0
237;Asheim Havard;NLB;GK;0;0;0;0;0;0;0;0;0;0;0;0
238;M?ller Kevin;SGF;GK;0;0;30;0,3;90;0,6;20;1;0;0;30;0,6
238;Rebmann Daniel;FAG;GK;0;0;10;16,67;40;44,44;0;0;20;28,57;20;0,4
238;Klein Sebastian;FAG;GK;0;0;0;0;10;1;0;0;0;0;0;0
238;Buric Benjamin;SGF;GK;0;0;0;0;0;0;0;0;0;0;0;0
238;Backhaus Theodor Felix;SGF;GK;0;0;0;0;0;0;0;0;0;0;0;0
239;Lesjak Urban;HAN;GK;0;0;50;41,67;40;44,44;20;0,4;0;0;0;0
239;Simic Nebojsa;MTM;GK;20;0,5;10;14,29;20;0,5;10;0,5;0;0;0;0
239;Heinevetter Silvio;MTM;GK;0;0;20;0,4;10;0,25;0;0;0;0;0;0
239;Ebner Domenico;HAN;GK;0;0;0;0;0;0;0;0;0;0;0;0
240;Landin Jacobsen Niklas;THW;GK;0;0;10;33,33;30;0,6;20;33,33;0;0;0;0
240;El-Tayar Mohamed Essam Moustafa;LEI;GK;0;0;10;0,2;0;0;0;0;20;66,67;0;0
240;Saeveraas Kristian Skinstad;LEI;GK;0;0;10;0,5;10;1,25;0;0;0;0;0;0
240;Quenstedt Dario;THW;GK;0;0;0;0;0;0;0;0;0;0;0;0
241;Milosavljev Dejan;BER;GK;0;0;80;42,11;10;16,67;40;36,36;10;0,5;10;0,2
241;Klimpke Till;WET;GK;0;0;50;0,5;30;0,5;10;1,25;0;0;0;0
241;Komok Gennadiy;WET;GK;0;0;0;0;0;0;20;66,67;0;0;0;0
241;Genz Fredrik;BER;GK;0;0;0;0;0;0;0;0;0;0;0;0
242;Green Krejberg Jannick;SCM;GK;20;0,5;10;0,2;10;16,67;10;14,29;0;0;20;33,33
242;Ziemer Martin;HCE;GK;0;0;20;22,22;10;16,67;20;0,25;10;1,25;0;0
242;Sonne-Hansen Kim;HCE;GK;0;0;10;0,25;0;0;0;0;0;0;0;0
242;Jensen Mike;SCM;GK;0;0;0;0;10;0,5;0;0;0;0;0;0
243;Pesic Ivan;TVB;GK;0;0;40;0,2;10;0,5;30;0,5;20;66,67;20;0,4
243;Semisch Malte;GWD;GK;0;0;10;9,09;20;66,67;30;33,33;20;0,25;10;0,5
243;Lichtlein Carsten;GWD;GK;0;0;0;0;0;0;0;0;0;0;0;0
243;Thulin Tobias;TVB;GK;0;0;0;0;0;0;0;0;0;0;0;0
244;Birlehm Joel;RNL;GK;10;0,5;60;31,58;40;57,14;30;1;30;42,86;0;0
244;Rudeck Christopher;BHC;GK;10;0,5;40;26,67;10;1;10;0,25;20;22,22;10;33,33
244;Mrkva Tomas;BHC;GK;0;0;0;0;0;0;0;0;0;0;0;0
244;Katsigiannis Nikolas;RNL;GK;0;0;0;0;0;0;0;0;0;0;0;0
244;Appelgren Mikael;RNL;GK;0;0;0;0;0;0;0;0;0;0;0;0
245;Johannesson Peter;TBV;GK;10;33,33;10;0,25;50;35,71;10;0,25;0;0;0;0
245;Ruminsky Mario;HBW;GK;0;0;0;0;10;0,2;30;33,33;10;16,67;0;0
245;Sejr Jensen Simon;HBW;GK;0;0;30;0,6;0;0;0;0;0;0;0;0
245;Zecher Finn;TBV;GK;0;0;0;0;0;0;0;0;0;0;0;0
246;Bitter Johannes;HSV;GK;0;0;30;0,3;80;66,67;10;0,2;0;0;10;33,33
246;Rezar Aljosa;NLB;GK;0;0;0;0;40;66,67;30;33,33;0;0;10;0,25
246;Vortmann Jens;HSV;GK;0;0;0;0;0;0;0;0;0;0;0;0
246;Asheim Havard;NLB;GK;0;0;0;0;0;0;0;0;0;0;0;0
247;Ruminsky Mario;HBW;GK;20;0,5;30;14,29;10;33,33;20;66,67;30;42,86;0;0
247;Lesjak Urban;HAN;GK;0;0;10;16,67;10;0,5;20;0,5;0;0;0;0
247;Ebner Domenico;HAN;GK;0;0;10;14,29;0;0;10;33,33;0;0;0;0
247;Sejr Jensen Simon;HBW;GK;0;0;0;0;0;0;0;0;0;0;0;0
248;Ferlin Klemen;HCE;GK;10;33,33;10;11,11;50;41,67;20;0,5;10;33,33;0;0
248;Klimpke Till;WET;GK;0;0;10;33,33;0;0;20;0,4;0;0;10;0,25
248;Sonne-Hansen Kim;HCE;GK;0;0;0;0;10;1;0;0;0;0;0;0
248;Komok Gennadiy;WET;GK;0;0;0;0;0;0;0;0;0;0;0;0
249;Zecher Finn;TBV;GK;0;0;20;33,33;50;0,5;10;0,2;10;11,11;10;0,5
249;Birlehm Joel;RNL;GK;10;33,33;20;0,5;30;0,5;10;33,33;0;0;0;0
249;Appelgren Mikael;RNL;GK;0;0;0;0;30;42,86;0;0;0;0;0;0
249;Katsigiannis Nikolas;RNL;GK;0;0;0;0;0;0;0;0;0;0;0;0
249;Johannesson Peter;TBV;GK;0;0;0;0;0;0;0;0;0;0;0;0
250;Bitter Johannes;HSV;GK;10;0,2;40;28,57;10;0,2;40;66,67;10;1;10;33,33
250;Rebmann Daniel;FAG;GK;0;0;30;0,3;0;0;20;0,4;10;0,25;0;0
250;Kastelic Urh;FAG;GK;0;0;10;0,25;10;33,33;0;0;0;0;0;0
250;Vortmann Jens;HSV;GK;10;0,5;0;0;0;0;0;0;0;0;0;0
251;Semisch Malte;GWD;GK;0;0;50;35,71;80;57,14;30;0,5;10;33,33;0;0
251;Mrkva Tomas;BHC;GK;0;0;50;29,41;50;6,25;0;0;10;1;0;0
251;Lichtlein Carsten;GWD;GK;0;0;0;0;0;0;0;0;0;0;0;0
251;Rudeck Christopher;BHC;GK;0;0;0;0;0;0;0;0;0;0;0;0
252;Genz Fredrik;BER;GK;0;0;0;0;0;0;0;0;0;0;0;0
252;Saeveraas Kristian Skinstad;LEI;GK;0;0;0;0;0;0;0;0;0;0;0;0
252;Milosavljev Dejan;BER;GK;0;0;0;0;0;0;0;0;0;0;0;0
252;El-Tayar Mohamed Essam Moustafa;LEI;GK;0;0;0;0;0;0;0;0;0;0;0;0
253;Green Krejberg Jannick;SCM;GK;0;0;10;14,29;70;43,75;20;33,33;0;0;0;0
253;Simic Nebojsa;MTM;GK;0;0;30;27,27;20;0,25;10;33,33;0;0;10;14,29
253;Heinevetter Silvio;MTM;GK;0;0;0;0;10;33,33;0;0;10;1;0;0
253;Jensen Mike;SCM;GK;0;0;0;0;0;0;0;0;0;0;0;0
254;Quenstedt Dario;THW;GK;0;0;20;33,33;10;1,25;0;0;40;57,14;0;0
254;Rezar Aljosa;NLB;GK;40;66,67;0;0;0;0;10;1;0;0;0;0
254;Asheim Havard;NLB;GK;0;0;20;33,33;10;33,33;0;0;10;16,67;0;0
254;Landin Jacobsen Niklas;THW;GK;0;0;10;0,5;0;0;10;1;0;0;0;0
255;M?ller Kevin;SGF;GK;0;0;40;0,5;70;0,7;10;16,67;10;0,2;10;0,25
255;Vujovic Miljan;TVB;GK;10;0,25;10;33,33;0;0;30;0,25;0;0;0;0
255;Pesic Ivan;TVB;GK;0;0;10;0,5;0;0;20;0,5;0;0;10;33,33
255;Thulin Tobias;TVB;GK;0;0;0;0;0;0;0;0;0;0;0;0
255;Buric Benjamin;SGF;GK;0;0;0;0;0;0;0;0;0;0;0;0
256;Appelgren Mikael;RNL;GK;0;0;40;0,4;60;54,55;50;55,56;10;16,67;0;0
256;Thulin Tobias;TVB;GK;0;0;10;14,29;50;55,56;50;6,25;50;6,25;0;0
256;Katsigiannis Nikolas;RNL;GK;0;0;0;0;0;0;0;0;0;0;0;0
256;Vujovic Miljan;TVB;GK;0;0;0;0;0;0;0;0;0;0;0;0
256;Pesic Ivan;TVB;GK;0;0;0;0;0;0;0;0;0;0;0;0
257;Johannesson Peter;TBV;GK;20;0,5;40;36,36;40;0,4;0;0;30;0,6;0;0
257;Simic Nebojsa;MTM;GK;10;33,33;10;14,29;40;44,44;0;0;30;42,86;10;0,25
257;Heinevetter Silvio;MTM;GK;0;0;0;0;0;0;0;0;0;0;0;0
257;Zecher Finn;TBV;GK;0;0;0;0;0;0;0;0;0;0;0;0
258;Semisch Malte;GWD;GK;0;0;40;33,33;40;66,67;30;0,5;0;0;0;0
258;Ebner Domenico;HAN;GK;10;0,25;30;0,3;30;3,75;10;16,67;10;0,5;10;0,2
258;Lichtlein Carsten;GWD;GK;0;0;0;0;0;0;10;0,5;0;0;0;0
258;Lesjak Urban;HAN;GK;0;0;0;0;0;0;0;0;0;0;0;0
259;Klimpke Till;WET;GK;10;33,33;10;0,2;20;0,4;40;44,44;10;1,25;0;0
259;Sejr Jensen Simon;HBW;GK;10;0,5;30;0,3;30;3,75;0;0;0;0;0;0
259;Ruminsky Mario;HBW;GK;0;0;0;0;20;0,5;0;0;0;0;0;0
259;Komok Gennadiy;WET;GK;10;0,5;0;0;0;0;0;0;0;0;0;0
260;M?ller Kevin;SGF;GK;0;0;0;0;60;0,4;10;0,5;40;66,67;0;0
260;Landin Jacobsen Niklas;THW;GK;10;0,5;20;0,2;30;3,75;20;28,57;10;0,2;0;0
260;Buric Benjamin;SGF;GK;10;33,33;0;0;0;0;0;0;0;0;0;0
260;Quenstedt Dario;THW;GK;0;0;0;0;0;0;0;0;0;0;0;0
261;Mrkva Tomas;BHC;GK;0;0;0;0;40;66,67;30;0,6;20;33,33;0;0
261;El-Tayar Mohamed Essam Moustafa;LEI;GK;0;0;20;0,4;60;0,4;0;0;10;33,33;0;0
261;Rudeck Christopher;BHC;GK;0;0;0;0;20;0,4;0;0;0;0;0;0
261;Saeveraas Kristian Skinstad;LEI;GK;0;0;0;0;0;0;0;0;0;0;10;0,5
262;Milosavljev Dejan;BER;GK;20;66,67;30;0,6;50;35,71;10;33,33;10;1,25;0;0
262;Ferlin Klemen;HCE;GK;0;0;20;0,2;30;0,5;30;0,5;0;0;0;0
262;Ziemer Martin;HCE;GK;0;0;0;0;0;0;0;0;0;0;0;0
262;Genz Fredrik;BER;GK;0;0;0;0;0;0;0;0;0;0;0;0
263;Rebmann Daniel;FAG;GK;10;0,2;10;0,1;60;0,6;10;1;20;0,4;0;0
263;Asheim Havard;NLB;GK;10;33,33;10;16,67;20;0,4;60;46,15;0;0;0;0
263;Rezar Aljosa;NLB;GK;0;0;0;0;0;0;0;0;0;0;0;0
263;Klein Sebastian;FAG;GK;0;0;0;0;0;0;0;0;0;0;0;0
264;Green Krejberg Jannick;SCM;GK;0;0;80;47,06;0;0;40;66,67;0;0;0;0
264;Vortmann Jens;HSV;GK;0;0;20;18,18;0;0;30;0,5;10;0,2;10;33,33
264;Jensen Mike;SCM;GK;20;1;0;0;0;0;0;0;0;0;0;0
264;Bitter Johannes;HSV;GK;0;0;0;0;0;0;0;0;0;0;0;0
264;Jensen Mike;SCM;GK;0;0;20;28,57;60;66,67;20;0,2;0;0;10;1
265;Ruminsky Mario;HBW;GK;0;0;30;23,08;10;1;10;0,25;10;33,33;0;0
265;Sejr Jensen Simon;HBW;GK;20;0,5;0;0;0;0;0;0;0;0;0;0
265;Green Krejberg Jannick;SCM;GK;0;0;0;0;0;0;0;0;10;0,5;0;0
266;Rebmann Daniel;FAG;GK;0;0;70;0,5;30;0,75;20;0,2;20;33,33;0;0
266;Birlehm Joel;RNL;GK;0;0;50;31,25;30;0,75;10;0,25;20;33,33;0;0
266;Appelgren Mikael;RNL;GK;0;0;10;0,2;0;0;0;0;0;0;0;0
266;Buchele Julian;FAG;GK;0;0;0;0;0;0;0;0;0;0;0;0
267;Thulin Tobias;TVB;GK;0;0;10;0,2;30;0,6;10;1;0;0;0;0
267;Rezar Aljosa;NLB;GK;10;0,5;10;16,67;20;0,4;0;0;0;0;0;0
267;Vujovic Miljan;TVB;GK;0;0;20;33,33;10;33,33;0;0;0;0;0;0
267;Asheim Havard;NLB;GK;0;0;0;0;10;0,5;10;16,67;0;0;0;0
267;Pesic Ivan;TVB;GK;10;1;0;0;0;0;0;0;0;0;0;0
268;Simic Nebojsa;MTM;GK;10;0,25;20;18,18;30;3,75;30;42,86;0;0;10;1
268;Rudeck Christopher;BHC;GK;0;0;0;0;40;0,5;10;1;0;0;0;0
268;Mrkva Tomas;BHC;GK;0;0;20;0,2;10;0,5;0;0;10;0,5;0;0
268;Heinevetter Silvio;MTM;GK;0;0;0;0;0;0;0;0;0;0;0;0
269;Komok Gennadiy;WET;GK;0;0;30;33,33;30;0,6;30;33,33;20;28,57;10;16,67
269;El-Tayar Mohamed Essam Moustafa;LEI;GK;10;0,5;30;27,27;20;33,33;10;0,25;40;0,5;0;0
269;Saeveraas Kristian Skinstad;LEI;GK;0;0;0;0;0;0;0;0;0;0;0;0
269;Suljakovic Anadin;WET;GK;0;0;0;0;0;0;0;0;0;0;0;0
270;Vortmann Jens;HSV;GK;0;0;20;66,67;0;0;20;33,33;20;0,5;10;1
270;Landin Jacobsen Niklas;THW;GK;10;33,33;0;0;30;0,75;10;14,29;10;1;0;0
270;Bitter Johannes;HSV;GK;10;33,33;0;0;20;28,57;0;0;10;33,33;0;0
270;Quenstedt Dario;THW;GK;10;0,25;0;0;20;0,5;0;0;0;0;0;0
271;Ferlin Klemen;HCE;GK;10;33,33;40;28,57;10;16,67;20;28,57;0;0;0;0
271;Ebner Domenico;HAN;GK;0;0;50;35,71;0;0;10;0,2;0;0;10;33,33
271;Sonne-Hansen Kim;HCE;GK;0;0;0;0;0;0;0;0;0;0;0;0
271;Wernlein Felix;HAN;GK;0;0;0;0;0;0;0;0;0;0;0;0
272;Milosavljev Dejan;BER;GK;0;0;30;33,33;60;42,86;30;0,5;10;0,2;10;0,25
272;Semisch Malte;GWD;GK;0;0;10;14,29;30;27,27;20;0,5;0;0;10;16,67
272;Lichtlein Carsten;GWD;GK;0;0;0;0;10;1;0;0;0;0;10;33,33
272;Genz Fredrik;BER;GK;0;0;0;0;0;0;0;0;0;0;0;0
273;M?ller Kevin;SGF;GK;0;0;40;36,36;50;0,5;0;0;0;0;20;0,5
273;Johannesson Peter;TBV;GK;0;0;20;28,57;60;66,67;0;0;20;28,57;0;0
273;Buric Benjamin;SGF;GK;0;0;0;0;0;0;0;0;0;0;0;0
273;Zecher Finn;TBV;GK;0;0;0;0;0;0;0;0;0;0;0;0
273;Backhaus Theodor Felix;SGF;GK;0;0;0;0;0;0;0;0;0;0;0;0
273;M?ller Kevin;SGF;GK;0;0;50;6,25;60;46,15;0;0;20;0,25;0;0
274;Mrkva Tomas;BHC;GK;0;0;10;0,2;20;28,57;30;0,5;20;28,57;0;0
274;Rudeck Christopher;BHC;GK;10;1;0;0;0;0;0;0;0;0;0;0
274;Backhaus Theodor Felix;SGF;GK;0;0;0;0;0;0;0;0;0;0;0;0
275;Landin Jacobsen Niklas;THW;GK;10;0,5;40;44,44;60;0,6;20;22,22;30;33,33;10;33,33
275;Appelgren Mikael;RNL;GK;0;0;30;42,86;40;0,5;10;33,33;10;1,25;0;0
275;Birlehm Joel;RNL;GK;0;0;0;0;0;0;10;33,33;0;0;0;0
275;Quenstedt Dario;THW;GK;0;0;0;0;0;0;0;0;0;0;0;0
275;Katsigiannis Nikolas;RNL;GK;0;0;0;0;0;0;0;0;0;0;0;0
276;Heinevetter Silvio;MTM;GK;0;0;40;30,77;60;66,67;10;0,5;0;0;0;0
276;Suljakovic Anadin;WET;GK;0;0;20;33,33;20;0,5;0;0;0;0;10;0,5
276;Komok Gennadiy;WET;GK;0;0;10;16,67;10;16,67;0;0;0;0;0;0
276;Simic Nebojsa;MTM;GK;0;0;0;0;0;0;0;0;0;0;0;0
277;Rebmann Daniel;FAG;GK;0;0;90;3,75;50;6,25;10;0,25;10;33,33;0;0
277;Johannesson Peter;TBV;GK;0;0;30;23,08;10;1;0;0;10;0,2;0;0
277;Zecher Finn;TBV;GK;0;0;10;0,2;10;1;0;0;0;0;0;0
277;Kastelic Urh;FAG;GK;0;0;0;0;0;0;0;0;0;0;0;0
278;Milosavljev Dejan;BER;GK;0;0;30;42,86;20;0,2;30;0,6;0;0;10;0,5
278;Ruminsky Mario;HBW;GK;0;0;10;0,2;20;0,25;20;33,33;20;0,4;10;1
278;Genz Fredrik;BER;GK;0;0;0;0;0;0;0;0;0;0;0;0
278;Sejr Jensen Simon;HBW;GK;0;0;0;0;0;0;0;0;0;0;0;0
279;El-Tayar Mohamed Essam Moustafa;LEI;GK;0;0;10;14,29;10;14,29;50;6,25;10;0,25;0;0
279;Jensen Mike;SCM;GK;0;0;0;0;30;42,86;0;0;10;33,33;10;0,2
279;Green Krejberg Jannick;SCM;GK;0;0;0;0;0;0;0;0;10;14,29;0;0
279;Saeveraas Kristian Skinstad;LEI;GK;0;0;0;0;0;0;10;1;0;0;0;0
280;Semisch Malte;GWD;GK;0;0;10;0,1;80;66,67;0;0;20;0,5;0;0
280;Ferlin Klemen;HCE;GK;0;0;20;28,57;20;0,5;20;0,5;10;1;0;0
280;Sonne-Hansen Kim;HCE;GK;0;0;0;0;10;0,5;10;1;0;0;0;0
280;Lichtlein Carsten;GWD;GK;0;0;0;0;0;0;0;0;0;0;0;0
281;Rezar Aljosa;NLB;GK;0;0;0;0;0;0;0;0;0;0;0;0
281;Ebner Domenico;HAN;GK;0;0;0;0;0;0;0;0;0;0;0;0
281;Wernlein Felix;HAN;GK;0;0;0;0;0;0;0;0;0;0;0;0
281;Asheim Havard;NLB;GK;0;0;0;0;0;0;0;0;0;0;0;0
282;Bitter Johannes;HSV;GK;0;0;50;0,5;60;42,86;30;3,75;10;0,2;20;0,25
282;Vujovic Miljan;TVB;GK;30;42,86;20;18,18;40;0,8;10;0,2;20;22,22;0;0
282;Vortmann Jens;HSV;GK;0;0;0;0;0;0;0;0;0;0;0;0
282;Thulin Tobias;TVB;GK;0;0;0;0;0;0;0;0;0;0;0;0
282;Pesic Ivan;TVB;GK;0;0;0;0;0;0;0;0;0;0;0;0
283;Quenstedt Dario;THW;GK;0;0;20;33,33;60;0,5;20;33,33;10;11,11;0;0
283;Rebmann Daniel;FAG;GK;0;0;10;1,25;10;14,29;0;0;0;0;10;0,25
283;Landin Jacobsen Niklas;THW;GK;10;0,5;0;0;10;0,5;10;0,5;0;0;0;0
283;Klein Sebastian;FAG;GK;0;0;0;0;20;33,33;0;0;0;0;0;0
284;Birlehm Joel;RNL;GK;0;0;50;26,32;60;0,5;10;0,25;10;0,2;0;0
284;Green Krejberg Jannick;SCM;GK;0;0;0;0;40;33,33;20;33,33;0;0;0;0
284;Katsigiannis Nikolas;RNL;GK;0;0;0;0;0;0;0;0;0;0;0;0
284;Appelgren Mikael;RNL;GK;0;0;0;0;0;0;0;0;0;0;0;0
284;Jensen Mike;SCM;GK;0;0;0;0;0;0;0;0;0;0;0;0
285;Ebner Domenico;HAN;GK;0;0;40;36,36;60;0,75;0;0;0;0;10;0,2
285;Saeveraas Kristian Skinstad;LEI;GK;0;0;70;46,67;10;0,25;30;0,5;0;0;0;0
285;El-Tayar Mohamed Essam Moustafa;LEI;GK;10;33,33;0;0;0;0;0;0;0;0;0;0
285;Wernlein Felix;HAN;GK;0;0;0;0;0;0;0;0;0;0;0;0
286;M?ller Kevin;SGF;GK;20;28,57;60;54,55;50;6,25;20;0,4;40;44,44;20;66,67
286;Milosavljev Dejan;BER;GK;10;0,5;50;1;70;46,67;10;14,29;0;0;10;33,33
286;Genz Fredrik;BER;GK;0;0;0;0;0;0;10;1;0;0;0;0
286;Bendiks Bo Asmuss;SGF;GK;0;0;0;0;0;0;0;0;0;0;0;0
287;Komok Gennadiy;WET;GK;0;0;10;16,67;30;0,5;20;28,57;30;0,6;0;0
287;Semisch Malte;GWD;GK;0;0;20;16,67;10;0,2;30;3,75;10;0,2;20;66,67
287;Suljakovic Anadin;WET;GK;0;0;0;0;0;0;10;1;0;0;0;0
287;Lichtlein Carsten;GWD;GK;0;0;0;0;0;0;0;0;0;0;0;0
288;Bitter Johannes;HSV;GK;20;28,57;0;0;30;3,75;10;33,33;30;42,86;20;0,4
288;Johannesson Peter;TBV;GK;10;0,5;10;1,25;10;1,25;10;0,5;20;0,25;10;33,33
288;Maier Jonas;HSV;GK;0;0;0;0;0;0;0;0;0;0;0;0
288;Zecher Finn;TBV;GK;0;0;0;0;0;0;0;0;0;0;0;0
289;Simic Nebojsa;MTM;GK;10;0,5;30;33,33;10;33,33;30;0,75;10;0,2;0;0
289;Heinevetter Silvio;MTM;GK;10;1;0;0;30;0,6;0;0;0;0;0;0
289;Thulin Tobias;TVB;GK;0;0;10;0,25;20;66,67;0;0;10;0,2;0;0
289;Pesic Ivan;TVB;GK;0;0;0;0;20;0,5;0;0;0;0;0;0
289;Vujovic Miljan;TVB;GK;0;0;0;0;0;0;0;0;0;0;0;0
290;Asheim Havard;NLB;GK;10;0,5;30;0,25;30;0,75;60;0,6;0;0;10;16,67
290;Mrkva Tomas;BHC;GK;0;0;30;0,5;40;57,14;10;0,25;20;0,4;0;0
290;Rezar Aljosa;NLB;GK;0;0;0;0;0;0;0;0;0;0;0;0
290;Rudeck Christopher;BHC;GK;0;0;0;0;0;0;0;0;0;0;0;0
291;Sonne-Hansen Kim;HCE;GK;0;0;0;0;30;33,33;0;0;20;66,67;0;0
291;Sejr Jensen Simon;HBW;GK;0;0;0;0;0;0;20;0,5;10;0,2;0;0
291;Ferlin Klemen;HCE;GK;10;33,33;0;0;0;0;0;0;0;0;0;0
291;Ruminsky Mario;HBW;GK;0;0;0;0;0;0;0;0;0;0;0;0
